#SM_Prop_Skip_01_335_6.obj

v -1.01181 1.894057 -0.5905337
v -0.8695679 1.894057 -0.5884557
v -0.8728943 2.361186 -0.3605428
v -1.015137 2.361186 -0.3626208
v -0.2228394 1.894057 -0.5790181
v -0.08056641 1.894057 -0.5769482
v -0.08389282 2.361186 -0.3490276
v -0.2261658 2.361186 -0.3511052
v -0.4200745 1.894057 -0.5818973
v -0.277832 1.894057 -0.5798268
v -0.2811584 2.361186 -0.3519063
v -0.4234009 2.361186 -0.3539844
v -0.6173096 1.894057 -0.5847764
v -0.4750671 1.894057 -0.5827055
v -0.4783936 2.361186 -0.354785
v -0.620636 2.361186 -0.3568635
v -0.8145752 1.894057 -0.5876551
v -0.6723022 1.894057 -0.5855765
v -0.6756287 2.361186 -0.3576636
v -0.8179016 2.361186 -0.3597422
v -1.039444 1.838351 -0.5811496
v -1.01181 1.894057 -0.5905337
v -1.015137 2.361186 -0.3626208
v -1.043518 2.326851 -0.3027759
v -1.047714 2.834125 -0.01370573
v -1.019455 2.814149 -0.06621885
v -1.047714 2.834125 -0.01370573
v -1.019455 2.814149 -0.06621885
v -0.8772125 2.814149 -0.0641408
v -0.8504791 2.834125 -0.01082659
v -0.8222198 2.814149 -0.06334019
v -0.6799469 2.814149 -0.06126165
v -0.653244 2.834125 -0.007947922
v -0.6249847 2.814149 -0.06046104
v -0.4827118 2.814149 -0.05838299
v -0.4560089 2.834125 -0.005069256
v -0.4277191 2.814149 -0.05758238
v -0.2854767 2.814149 -0.05550432
v -0.2587433 2.834125 -0.002190113
v -0.230484 2.814149 -0.05470324
v -0.08824158 2.814149 -0.05262566
v -0.06150818 2.834125 0.0006885529
v -0.8462524 2.326851 -0.2998967
v -0.8728943 2.361186 -0.3605428
v -0.8695679 1.894057 -0.5884557
v -0.8422089 1.838351 -0.5782704
v -0.8504791 2.834125 -0.01082659
v -0.8772125 2.814149 -0.0641408
v -0.8422089 1.838351 -0.5782704
v -0.8695679 1.894057 -0.5884557
v -1.01181 1.894057 -0.5905337
v -1.039444 1.838351 -0.5811496
v -0.6449432 1.838351 -0.5753918
v -0.8145752 1.894057 -0.5876551
v -0.6723022 1.894057 -0.5855765
v -0.4477081 1.838351 -0.5725131
v -0.6173096 1.894057 -0.5847764
v -0.4750671 1.894057 -0.5827055
v -0.250473 1.838351 -0.569634
v -0.4200745 1.894057 -0.5818973
v -0.277832 1.894057 -0.5798268
v -0.05323792 1.838351 -0.5667553
v -0.2228394 1.894057 -0.5790181
v -0.08056641 1.894057 -0.5769482
v -0.250473 1.838351 -0.569634
v -0.2228394 1.894057 -0.5790181
v -0.2261658 2.361186 -0.3511052
v -0.2545166 2.326851 -0.2912679
v -0.2587433 2.834125 -0.002190113
v -0.230484 2.814149 -0.05470324
v -0.05728149 2.326851 -0.2883892
v -0.08389282 2.361186 -0.3490276
v -0.08056641 1.894057 -0.5769482
v -0.05323792 1.838351 -0.5667553
v -0.06150818 2.834125 0.0006885529
v -0.08824158 2.814149 -0.05262566
v -0.4477081 1.838351 -0.5725131
v -0.4200745 1.894057 -0.5818973
v -0.4234009 2.361186 -0.3539844
v -0.4517822 2.326851 -0.2941394
v -0.4560089 2.834125 -0.005069256
v -0.4277191 2.814149 -0.05758238
v -0.2545166 2.326851 -0.2912679
v -0.2811584 2.361186 -0.3519063
v -0.277832 1.894057 -0.5798268
v -0.250473 1.838351 -0.569634
v -0.2587433 2.834125 -0.002190113
v -0.2854767 2.814149 -0.05550432
v -0.6449432 1.838351 -0.5753918
v -0.6173096 1.894057 -0.5847764
v -0.620636 2.361186 -0.3568635
v -0.6490173 2.326851 -0.2970181
v -0.653244 2.834125 -0.007947922
v -0.6249847 2.814149 -0.06046104
v -0.4517822 2.326851 -0.2941394
v -0.4783936 2.361186 -0.354785
v -0.4750671 1.894057 -0.5827055
v -0.4477081 1.838351 -0.5725131
v -0.4560089 2.834125 -0.005069256
v -0.4827118 2.814149 -0.05838299
v -0.8422089 1.838351 -0.5782704
v -0.8145752 1.894057 -0.5876551
v -0.8179016 2.361186 -0.3597422
v -0.8462524 2.326851 -0.2998967
v -0.8504791 2.834125 -0.01082659
v -0.8222198 2.814149 -0.06334019
v -0.6490173 2.326851 -0.2970181
v -0.6756287 2.361186 -0.3576636
v -0.6723022 1.894057 -0.5855765
v -0.6449432 1.838351 -0.5753918
v -0.653244 2.834125 -0.007947922
v -0.6799469 2.814149 -0.06126165
v -1.043518 2.326851 -0.3027759
v -1.101471 2.326851 -0.3036275
v -1.096741 1.756095 -0.6288762
v -1.039444 1.838351 -0.5811496
v -0.8763123 1.756095 -0.6256595
v -0.8422089 1.838351 -0.5782704
v -0.6558533 1.756095 -0.6224432
v -0.6449432 1.838351 -0.5753918
v -0.4354248 1.756095 -0.6192269
v -0.4477081 1.838351 -0.5725131
v -0.2149963 1.756095 -0.6160102
v -0.250473 1.838351 -0.569634
v 0.005432129 1.756095 -0.6127934
v -0.05323792 1.838351 -0.5667553
v 0.0006713867 2.326851 -0.2875371
v -0.05728149 2.326851 -0.2883892
v -1.047714 2.834125 -0.01370573
v -0.06150818 2.834125 0.0006885529
v -0.004226685 2.916381 0.0484004
v -0.2246552 2.916381 0.04518366
v -0.2587433 2.834125 -0.002190113
v -0.4450836 2.916381 0.04196692
v -0.4560089 2.834125 -0.005069256
v -0.6655121 2.916381 0.03875065
v -0.653244 2.834125 -0.007947922
v -0.8859406 2.916381 0.03553438
v -0.8504791 2.834125 -0.01082659
v -1.106369 2.916381 0.03231764
v -1.101471 2.326851 -0.3036275
v -1.10228 2.296072 -0.249619
v -1.097519 1.725315 -0.5748754
v -1.096741 1.756095 -0.6288762
v -1.106369 2.916381 0.03231764
v -1.107178 2.885602 0.08631849
v 0.005432129 1.756095 -0.6127934
v 0.004653931 1.725315 -0.558785
v -0.0001068115 2.296072 -0.2335362
v 0.0006713867 2.326851 -0.2875371
v -0.004226685 2.916381 0.0484004
v -0.005004883 2.885602 0.1024013
v -1.096741 1.756095 -0.6288762
v -1.097519 1.725315 -0.5748754
v -0.8770905 1.725315 -0.5716586
v -0.8763123 1.756095 -0.6256595
v -0.656662 1.725315 -0.5684423
v -0.6558533 1.756095 -0.6224432
v -0.4362335 1.725315 -0.5652261
v -0.4354248 1.756095 -0.6192269
v -0.2158051 1.725315 -0.5620093
v -0.2149963 1.756095 -0.6160102
v 0.004653931 1.725315 -0.558785
v 0.005432129 1.756095 -0.6127934
v -0.8859406 2.916381 0.03553438
v -0.8867493 2.885602 0.08953524
v -1.107178 2.885602 0.08631849
v -1.106369 2.916381 0.03231764
v -0.6655121 2.916381 0.03875065
v -0.6662903 2.885602 0.0927515
v -0.4450836 2.916381 0.04196692
v -0.4458618 2.885602 0.09596777
v -0.2246552 2.916381 0.04518366
v -0.2254333 2.885602 0.09918451
v -0.004226685 2.916381 0.0484004
v -0.005004883 2.885602 0.1024013
v -1.107178 2.885602 0.08631849
v -0.5515289 2.33731 -0.2180829
v -1.097519 1.725315 -0.5748754
v -1.10228 2.296072 -0.249619
v -0.8770905 1.725315 -0.5716586
v -0.8867493 2.885602 0.08953524
v -0.656662 1.725315 -0.5684423
v -0.4362335 1.725315 -0.5652261
v -0.2158051 1.725315 -0.5620093
v 0.004653931 1.725315 -0.558785
v -0.005004883 2.885602 0.1024013
v -0.0001068115 2.296072 -0.2335362
v -0.2254333 2.885602 0.09918451
v -0.4458618 2.885602 0.09596777
v -0.6662903 2.885602 0.0927515
v -0.8728943 2.361186 -0.3605428
v -0.8772125 2.814149 -0.0641408
v -1.019455 2.814149 -0.06621885
v -1.015137 2.361186 -0.3626208
v -0.6756287 2.361186 -0.3576636
v -0.6799469 2.814149 -0.06126165
v -0.8222198 2.814149 -0.06334019
v -0.8179016 2.361186 -0.3597422
v -0.4783936 2.361186 -0.354785
v -0.4827118 2.814149 -0.05838299
v -0.6249847 2.814149 -0.06046104
v -0.620636 2.361186 -0.3568635
v -0.2811584 2.361186 -0.3519063
v -0.2854767 2.814149 -0.05550432
v -0.4277191 2.814149 -0.05758238
v -0.4234009 2.361186 -0.3539844
v -0.08389282 2.361186 -0.3490276
v -0.08824158 2.814149 -0.05262566
v -0.230484 2.814149 -0.05470324
v -0.2261658 2.361186 -0.3511052
v 0.09857178 1.809005 -0.4615145
v 0.2408447 1.809005 -0.459444
v 0.2499542 1.65135 0.03603506
v 0.07945251 1.65135 0.03354692
v 0.8875427 1.809005 -0.4500065
v 1.029816 1.809005 -0.4479289
v 1.004898 1.65135 0.04705429
v 0.8738251 1.65135 0.04514217
v 0.6903076 1.809005 -0.4528856
v 0.8325806 1.809005 -0.4508071
v 0.8033905 1.65135 0.04410839
v 0.7017365 1.65135 0.04263067
v 0.4930725 1.809005 -0.4557567
v 0.6353149 1.809005 -0.4536862
v 0.6467438 1.65135 0.04182291
v 0.4858246 1.65135 0.03947496
v 0.2958069 1.809005 -0.4586358
v 0.4380798 1.809005 -0.4565649
v 0.4116669 1.65135 0.03839397
v 0.3049469 1.65135 0.03683567
v 0.0718689 1.791234 -0.515614
v 0.09857178 1.809005 -0.4615145
v 0.07945251 1.65135 0.03354692
v 0.05232239 1.586757 0.007927418
v 0.05628967 1.374422 0.5519366
v 0.08416748 1.423872 0.5248899
v 0.05628967 1.374422 0.5519366
v 0.08416748 1.423872 0.5248899
v 0.2264404 1.423872 0.5269604
v 0.2535248 1.374422 0.5548153
v 0.2814331 1.423872 0.5277686
v 0.4236755 1.423872 0.5298395
v 0.4507904 1.374422 0.557694
v 0.4786682 1.423872 0.5306478
v 0.6209412 1.423872 0.5327182
v 0.6480255 1.374422 0.5605731
v 0.6759033 1.423872 0.5335188
v 0.8181763 1.423872 0.5355973
v 0.8452606 1.374422 0.5634518
v 0.8731689 1.423872 0.5363979
v 1.015411 1.423872 0.5384755
v 1.042496 1.374422 0.5663304
v 0.2778168 1.586757 0.01121664
v 0.2499542 1.65135 0.03603506
v 0.2408447 1.809005 -0.459444
v 0.269104 1.791234 -0.5127354
v 0.2535248 1.374422 0.5548153
v 0.2264404 1.423872 0.5269604
v 0.269104 1.791234 -0.5127354
v 0.2408447 1.809005 -0.459444
v 0.09857178 1.809005 -0.4615145
v 0.0718689 1.791234 -0.515614
v 0.4663696 1.791234 -0.5098567
v 0.2958069 1.809005 -0.4586358
v 0.4380798 1.809005 -0.4565649
v 0.6636047 1.791234 -0.5069776
v 0.4930725 1.809005 -0.4557567
v 0.6353149 1.809005 -0.4536862
v 0.8608398 1.791234 -0.5040989
v 0.6903076 1.809005 -0.4528856
v 0.8325806 1.809005 -0.4508071
v 1.058075 1.791234 -0.5012202
v 0.8875427 1.809005 -0.4500065
v 1.029816 1.809005 -0.4479289
v 0.8608398 1.791234 -0.5040989
v 0.8875427 1.809005 -0.4500065
v 0.8738251 1.65135 0.04514217
v 0.8466949 1.586757 0.01952267
v 0.8452606 1.374422 0.5634518
v 0.8731689 1.423872 0.5363979
v 1.050461 1.586757 0.02249193
v 1.004898 1.65135 0.04705429
v 1.029816 1.809005 -0.4479289
v 1.058075 1.791234 -0.5012202
v 1.042496 1.374422 0.5663304
v 1.015411 1.423872 0.5384755
v 0.6636047 1.791234 -0.5069776
v 0.6903076 1.809005 -0.4528856
v 0.7017365 1.65135 0.04263067
v 0.6746063 1.586757 0.01701117
v 0.6480255 1.374422 0.5605731
v 0.6759033 1.423872 0.5335188
v 0.8466949 1.586757 0.01952267
v 0.8033905 1.65135 0.04410839
v 0.8325806 1.809005 -0.4508071
v 0.8608398 1.791234 -0.5040989
v 0.8452606 1.374422 0.5634518
v 0.8181763 1.423872 0.5355973
v 0.4663696 1.791234 -0.5098567
v 0.4930725 1.809005 -0.4557567
v 0.4858246 1.65135 0.03947496
v 0.458725 1.586757 0.01385546
v 0.4507904 1.374422 0.557694
v 0.4786682 1.423872 0.5306478
v 0.6746063 1.586757 0.01701117
v 0.6467438 1.65135 0.04182291
v 0.6353149 1.809005 -0.4536862
v 0.6636047 1.791234 -0.5069776
v 0.6480255 1.374422 0.5605731
v 0.6209412 1.423872 0.5327182
v 0.269104 1.791234 -0.5127354
v 0.2958069 1.809005 -0.4586358
v 0.3049469 1.65135 0.03683567
v 0.2778168 1.586757 0.01121664
v 0.2535248 1.374422 0.5548153
v 0.2814331 1.423872 0.5277686
v 0.458725 1.586757 0.01385546
v 0.4116669 1.65135 0.03839397
v 0.4380798 1.809005 -0.4565649
v 0.4663696 1.791234 -0.5098567
v 0.4507904 1.374422 0.557694
v 0.4236755 1.423872 0.5298395
v 0.05232239 1.586757 0.007927418
v 0.006240845 1.586757 0.007253647
v 0.0151825 1.825665 -0.6046391
v 0.0718689 1.791234 -0.515614
v 0.235611 1.825665 -0.6014223
v 0.269104 1.791234 -0.5127354
v 0.4560394 1.825665 -0.598206
v 0.4663696 1.791234 -0.5098567
v 0.6764679 1.825665 -0.5949893
v 0.6636047 1.791234 -0.5069776
v 0.8969269 1.825665 -0.591773
v 0.8608398 1.791234 -0.5040989
v 1.117355 1.825665 -0.5885563
v 1.058075 1.791234 -0.5012202
v 1.108414 1.586757 0.02334404
v 1.050461 1.586757 0.02249193
v 0.05628967 1.374422 0.5519366
v 1.042496 1.374422 0.5663304
v 1.099182 1.339991 0.6553555
v 0.8787537 1.339991 0.6521463
v 0.8452606 1.374422 0.5634518
v 0.6583252 1.339991 0.6489224
v 0.6480255 1.374422 0.5605731
v 0.4378967 1.339991 0.6457057
v 0.4507904 1.374422 0.557694
v 0.2174683 1.339991 0.6424894
v 0.2535248 1.374422 0.5548153
v -0.002960205 1.339991 0.6392727
v 0.006240845 1.586757 0.007253647
v 0.006591797 1.528852 -0.01534462
v 0.01550293 1.767759 -0.6272449
v 0.0151825 1.825665 -0.6046391
v -0.002960205 1.339991 0.6392727
v -0.002639771 1.282086 0.6166744
v 1.117355 1.825665 -0.5885563
v 1.117676 1.767759 -0.6111546
v 1.108734 1.528852 0.0007381439
v 1.108414 1.586757 0.02334404
v 1.099182 1.339991 0.6553555
v 1.099533 1.282086 0.6327572
v 0.0151825 1.825665 -0.6046391
v 0.01550293 1.767759 -0.6272449
v 0.2359314 1.767759 -0.6240282
v 0.235611 1.825665 -0.6014223
v 0.4563904 1.767759 -0.6208119
v 0.4560394 1.825665 -0.598206
v 0.6768188 1.767759 -0.6175876
v 0.6764679 1.825665 -0.5949893
v 0.8972473 1.767759 -0.6143713
v 0.8969269 1.825665 -0.591773
v 1.117676 1.767759 -0.6111546
v 1.117355 1.825665 -0.5885563
v 0.2174683 1.339991 0.6424894
v 0.2177887 1.282086 0.6198912
v -0.002639771 1.282086 0.6166744
v -0.002960205 1.339991 0.6392727
v 0.4378967 1.339991 0.6457057
v 0.4382172 1.282086 0.6231074
v 0.6583252 1.339991 0.6489224
v 0.6586456 1.282086 0.6263242
v 0.8787537 1.339991 0.6521463
v 0.8791046 1.282086 0.6295404
v 1.099182 1.339991 0.6553555
v 1.099533 1.282086 0.6327572
v -0.002639771 1.282086 0.6166744
v 0.5570221 1.51159 0.03690529
v 0.01550293 1.767759 -0.6272449
v 0.006591797 1.528852 -0.01534462
v 0.2359314 1.767759 -0.6240282
v 0.2177887 1.282086 0.6198912
v 0.4563904 1.767759 -0.6208119
v 0.6768188 1.767759 -0.6175876
v 0.8972473 1.767759 -0.6143713
v 1.117676 1.767759 -0.6111546
v 1.099533 1.282086 0.6327572
v 1.108734 1.528852 0.0007381439
v 0.8791046 1.282086 0.6295404
v 0.6586456 1.282086 0.6263242
v 0.4382172 1.282086 0.6231074
v 0.2499542 1.65135 0.03603506
v 0.2264404 1.423872 0.5269604
v 0.08416748 1.423872 0.5248899
v 0.07945251 1.65135 0.03354692
v 0.4116669 1.65135 0.03839397
v 0.4236755 1.423872 0.5298395
v 0.2814331 1.423872 0.5277686
v 0.3049469 1.65135 0.03683567
v 0.6467438 1.65135 0.04182291
v 0.6209412 1.423872 0.5327182
v 0.4786682 1.423872 0.5306478
v 0.4858246 1.65135 0.03947496
v 0.8033905 1.65135 0.04410839
v 0.8181763 1.423872 0.5355973
v 0.6759033 1.423872 0.5335188
v 0.7017365 1.65135 0.04263067
v 1.004898 1.65135 0.04705429
v 1.015411 1.423872 0.5384755
v 0.8731689 1.423872 0.5363979
v 0.8738251 1.65135 0.04514217
v -1.033936 0.5856116 -0.5965657
v -1.045853 0.584339 -0.5736299
v -1.045853 0.2849582 -0.5736299
v -1.033936 0.2849582 -0.5965657
v 1.045685 0.2849582 -0.5662174
v 1.0569 0.2849582 -0.542942
v 1.0569 0.5840163 -0.542942
v 1.045685 0.5856116 -0.5662174
v -0.9916382 0.2849582 0.5193028
v -0.9895935 0.5024366 0.5193295
v -0.5007324 0.46843 0.5264692
v -0.5007324 0.3163974 0.5264692
v 0.4197998 0.2849582 0.5398951
v 0.4197998 0.5229946 0.5398951
v 0.960022 0.2849582 0.54778
v 0.9568176 0.4537814 0.5477343
v -0.4847565 0.3163974 -0.5665865
v -0.3809967 0.4522241 -0.5650721
v -0.9642181 0.6353219 -0.5735765
v -0.9648895 0.2849582 -0.5735922
v 0.4357452 0.2849582 -0.553153
v 0.4357452 0.5856116 -0.553153
v 0.9759674 0.2849582 -0.5452681
v 0.9718475 0.5856369 -0.5453224
v -1.102493 1.736779 -0.6554103
v -1.102859 1.727663 -0.6299586
v -1.102859 1.684316 -0.6299586
v -1.102493 1.693432 -0.6554103
v -1.107513 1.570151 -0.3111415
v -1.107513 1.613498 -0.3111415
v -1.116592 1.320746 0.3105321
v -1.11647 1.369688 0.3027043
v -1.120346 1.252881 0.5670018
v -1.120316 1.296818 0.5661702
v -1.120773 1.244883 0.5972219
v -1.120773 1.28823 0.5972219
v -1.120773 1.244883 0.5972219
v -1.120773 1.28823 0.5972219
v -0.5658417 1.28823 0.6053228
v -0.5658417 1.221267 0.6053228
v 0.4747467 1.244883 0.6205058
v 0.4747467 1.28823 0.6205058
v 1.097641 1.244883 0.6295996
v 1.097641 1.28823 0.6295996
v 1.115921 1.693432 -0.6230402
v 1.115555 1.68222 -0.5975809
v 1.115555 1.726418 -0.5975809
v 1.115921 1.736779 -0.6230402
v 1.110901 1.596659 -0.2787638
v 1.110901 1.541812 -0.2787638
v 1.101822 1.412074 0.3429022
v 1.101822 1.347545 0.3429022
v 1.098068 1.301287 0.5993719
v 1.098068 1.255706 0.5993719
v 1.097641 1.28823 0.6295996
v 1.097641 1.244883 0.6295996
v -0.5475616 1.693432 -0.6473169
v -0.5475616 1.736779 -0.6473169
v -1.102493 1.736779 -0.6554103
v -1.102493 1.693432 -0.6554103
v 0.4930267 1.693432 -0.6321263
v 0.4930267 1.736779 -0.6321263
v 1.115921 1.693432 -0.6230402
v 1.115921 1.736779 -0.6230402
v -1.102493 1.693432 -0.6554103
v -1.102859 1.684316 -0.6299586
v -1.045853 1.636929 -0.5736299
v -1.033936 1.645193 -0.5965657
v -1.070313 1.744171 -0.6017752
v -1.07254 1.75302 -0.6260881
v -0.9861755 1.732889 -0.5415816
v -0.986496 1.724807 -0.5206771
v -1.042587 1.633341 -0.2971735
v -0.9903107 1.623588 -0.2589278
v -0.5497742 1.325353 0.5447245
v -1.089981 1.317574 0.5687971
v -1.00119 1.335206 0.4868302
v -0.5052795 1.335206 0.4940701
v 0.4246826 1.335206 0.507637
v 0.4618378 1.317574 0.5914402
v 0.9813232 1.335206 0.5157614
v 1.067673 1.317574 0.6002817
v 1.045685 1.645193 -0.5662174
v 1.0569 1.634834 -0.542942
v 1.115555 1.68222 -0.5975809
v 1.115921 1.693432 -0.6230402
v 1.085114 1.75302 -0.5946035
v 1.084747 1.744171 -0.5703268
v 0.9960175 1.724807 -0.4917459
v 0.9963379 1.732889 -0.5126505
v 0.9922028 1.623588 -0.2299967
v 1.080307 1.63334 -0.2661963
v -0.9861755 1.732889 -0.5415816
v -1.07254 1.75302 -0.6260881
v -0.5328064 1.75302 -0.6182089
v -0.4902649 1.732889 -0.5343418
v 0.4396973 1.732889 -0.5207672
v 0.4788513 1.75302 -0.5740795
v 0.9963379 1.732889 -0.5126505
v 1.085114 1.75302 -0.5946035
v -0.9861755 0.6359925 -0.5415816
v -0.986496 0.6359925 -0.5206771
v -0.986496 1.724807 -0.5206771
v -0.9861755 1.732889 -0.5415816
v -0.9903107 1.623588 -0.2589278
v -0.9903107 0.6599745 -0.2589278
v -0.997757 1.426226 0.2514482
v -0.997757 0.6359922 0.2514482
v -1.000824 1.344802 0.4620118
v -1.000824 0.6359922 0.4620118
v -1.00119 1.335206 0.4868302
v -1.00119 0.6359922 0.4868302
v -1.00119 1.335206 0.4868302
v -1.00119 0.6359922 0.4868302
v -0.5052795 0.6359922 0.4940701
v -0.5052795 1.335206 0.4940701
v 0.4246826 0.6359922 0.507637
v 0.4246826 1.335206 0.507637
v 0.9813232 1.335206 0.5157614
v 0.9813232 0.6359922 0.5157614
v 0.9963379 1.732889 -0.5126505
v 0.9960175 1.724807 -0.4917459
v 0.9960175 0.6359925 -0.4917459
v 0.9963379 0.6359925 -0.5126505
v 0.9922028 0.6599745 -0.2299967
v 0.9922028 1.623588 -0.2299967
v 0.9847565 0.6359922 0.2803793
v 0.9847565 1.447408 0.2803793
v 0.9816895 0.6359922 0.490943
v 0.9816895 1.347035 0.490943
v 0.9813232 0.6359922 0.5157614
v 0.9813232 1.335206 0.5157614
v 1.029083 0.2849582 0.5707531
v 0.9704895 0.2849582 0.5698977
v 0.9656372 0.4537814 0.5698233
v 1.029083 0.5229946 0.5707531
v -0.9899292 0.5024366 0.5412869
v -0.9919434 0.2849582 0.5412602
v -1.050537 0.2849582 0.5404048
v -1.050537 0.5229946 0.5404048
v -1.033936 0.2849582 -0.5965657
v -0.9753418 0.2849582 -0.5957103
v -0.9730225 0.6353219 -0.5956812
v -1.033936 0.5856116 -0.5965657
v 1.045685 0.5856116 -0.5662174
v 0.9812927 0.5856369 -0.5671558
v 0.9870911 0.2849582 -0.5670729
v 1.045685 0.2849582 -0.5662174
v 0.9704895 0.2849582 0.5698977
v 0.960022 0.2849582 0.54778
v 0.9568176 0.4537814 0.5477343
v 0.9656372 0.4537814 0.5698233
v -0.9895935 0.5024366 0.5193295
v -0.9916382 0.2849582 0.5193028
v -0.9919434 0.2849582 0.5412602
v -0.9899292 0.5024366 0.5412869
v -0.9753418 0.2849582 -0.5957103
v -0.9648895 0.2849582 -0.5735922
v -0.9642181 0.6353219 -0.5735765
v -0.9730225 0.6353219 -0.5956812
v 0.9812927 0.5856369 -0.5671558
v 0.9718475 0.5856369 -0.5453224
v 0.9759674 0.2849582 -0.5452681
v 0.9870911 0.2849582 -0.5670729
v 0.9759674 0.2849582 -0.5452681
v 1.045685 0.2849582 -0.5662174
v 0.9870911 0.2849582 -0.5670729
v 1.0569 0.2849582 -0.542942
v 0.9864349 0.2849582 -0.5228987
v 0.4357452 0.2849582 -0.553153
v 0.4354401 0.2849582 -0.5309362
v -0.4850922 0.3163974 -0.5443697
v -0.4847565 0.3163974 -0.5665865
v 1.052673 0.3089401 -0.2535667
v 0.9823761 0.3089403 -0.2446928
v 0.4313507 0.3089401 -0.2527304
v -0.489151 0.3403796 -0.2661638
v -0.9800568 0.3089401 -0.2733302
v -0.4850922 0.3163974 -0.5443697
v -0.9759979 0.2849582 -0.5515361
v -1.045853 0.2849582 -0.5736299
v -1.033936 0.2849582 -0.5965657
v -0.9648895 0.2849582 -0.5735922
v -0.9753418 0.2849582 -0.5957103
v -1.050079 0.3089401 -0.2842546
v -0.9759979 0.2849582 -0.5515361
v -0.4847565 0.3163974 -0.5665865
v -0.4850922 0.3163974 -0.5443697
v 0.9704895 0.2849582 0.5698977
v 1.029083 0.2849582 0.5707531
v 0.960022 0.2849582 0.54778
v 0.9712067 0.2849582 0.5215578
v 1.041061 0.2849582 0.5434837
v 0.9744568 0.2849582 0.2977648
v 1.044434 0.2849578 0.3106956
v 0.9823761 0.3089403 -0.2446928
v 1.052673 0.3089401 -0.2535667
v 0.4313507 0.3089401 -0.2527304
v 0.4234619 0.2849578 0.2897267
v -0.4970703 0.3163974 0.2762938
v -0.489151 0.3403796 -0.2661638
v 0.4201813 0.2849582 0.5135126
v -0.5003204 0.3163974 0.5000792
v -0.4970703 0.3163974 0.2762938
v 0.4197998 0.2849582 0.5398951
v -0.5007324 0.3163974 0.5264692
v -0.9879761 0.2849578 0.2691274
v -0.4970703 0.3163974 0.2762938
v -0.9800568 0.3089401 -0.2733302
v -1.050079 0.3089401 -0.2842546
v -1.058289 0.2849578 0.2800078
v -0.9912262 0.2849582 0.4929128
v -0.5003204 0.3163974 0.5000792
v -1.061691 0.2849582 0.5128036
v -0.9916382 0.2849582 0.5193028
v -0.5007324 0.3163974 0.5264692
v -1.050537 0.2849582 0.5404048
v -0.9919434 0.2849582 0.5412602
v -0.9861755 1.732889 -0.5415816
v -0.4902649 1.732889 -0.5343418
v -0.4902649 0.6674319 -0.5343418
v -0.9861755 0.6359925 -0.5415816
v 0.4396973 0.6359925 -0.5207672
v 0.4396973 1.732889 -0.5207672
v 0.9963379 0.6359925 -0.5126505
v 0.9963379 1.732889 -0.5126505
v -0.4905548 0.6674319 -0.5134449
v -0.986496 0.6359925 -0.5206771
v -0.9861755 0.6359925 -0.5415816
v -0.4902649 0.6674319 -0.5343418
v 0.4393768 0.6359925 -0.4998703
v 0.4396973 0.6359925 -0.5207672
v 0.9960175 0.6359925 -0.4917459
v 0.9963379 0.6359925 -0.5126505
v -0.4943695 0.6914141 -0.2516956
v -0.9903107 0.6599745 -0.2589278
v 0.4355621 0.6599746 -0.238121
v 0.9922028 0.6599745 -0.2299967
v -0.5497742 1.325353 0.5447245
v -0.5658417 1.28823 0.6053228
v -1.120773 1.28823 0.5972219
v -1.089981 1.317574 0.5687971
v 0.4618378 1.317574 0.5914402
v 0.4747467 1.28823 0.6205058
v 1.115921 1.736779 -0.6230402
v 1.115555 1.726418 -0.5975809
v 1.084747 1.744171 -0.5703268
v 1.085114 1.75302 -0.5946035
v -1.07254 1.75302 -0.6260881
v -1.102493 1.736779 -0.6554103
v -0.5475616 1.736779 -0.6473169
v -0.5328064 1.75302 -0.6182089
v -1.07254 1.75302 -0.6260881
v -1.070313 1.744171 -0.6017752
v -1.102859 1.727663 -0.6299586
v -1.102493 1.736779 -0.6554103
v -0.5475616 1.736779 -0.6473169
v 0.4930267 1.736779 -0.6321263
v 0.4788513 1.75302 -0.5740795
v -0.5328064 1.75302 -0.6182089
v 1.085114 1.75302 -0.5946035
v 1.115921 1.736779 -0.6230402
v 1.067673 1.317574 0.6002817
v 1.097641 1.28823 0.6295996
v 0.4747467 1.28823 0.6205058
v 0.4618378 1.317574 0.5914402
v -0.5018463 0.6359922 0.258688
v -0.997757 0.6359922 0.2514482
v -0.9903107 0.6599745 -0.2589278
v -0.4943695 0.6914141 -0.2516956
v 0.4281158 0.6359922 0.2722626
v 0.4355621 0.6599746 -0.238121
v 0.9847565 0.6359922 0.2803793
v 0.9922028 0.6599745 -0.2299967
v -0.5049133 0.6359922 0.4692516
v -1.000824 0.6359922 0.4620118
v 0.4250488 0.6359922 0.4828186
v 0.9816895 0.6359922 0.490943
v -0.5052795 0.6359922 0.4940701
v -1.00119 0.6359922 0.4868302
v 0.4246826 0.6359922 0.507637
v 0.9813232 0.6359922 0.5157614
v 1.080307 1.63334 -0.2661963
v 1.042923 1.438419 0.326376
v 0.9847565 1.447408 0.2803793
v 0.9922028 1.623588 -0.2299967
v 1.110901 1.596659 -0.2787638
v 1.101822 1.412074 0.3429022
v 1.042923 1.438419 0.326376
v 1.080307 1.63334 -0.2661963
v 1.052673 1.505103 -0.2535667
v 1.044434 1.331656 0.3106956
v 1.101822 1.347545 0.3429022
v 1.110901 1.541812 -0.2787638
v 1.098068 1.255706 0.5993719
v 1.041061 1.248408 0.5434837
v 1.052673 0.3089401 -0.2535667
v 1.044434 0.2849578 0.3106956
v 1.044434 0.5373259 0.3106956
v 1.053833 0.4545205 -0.3324089
v 1.041061 0.5245056 0.5434837
v 1.041061 0.2849582 0.5434837
v 1.0569 0.2849582 -0.542942
v 1.0569 0.5840163 -0.542942
v -1.049423 0.4810943 -0.3286195
v -1.060303 0.5392814 0.4171386
v -1.058289 0.2849578 0.2800078
v -1.050079 0.3089401 -0.2842546
v -1.061691 0.2849582 0.5128036
v -1.061691 0.5240704 0.5128036
v -1.045853 0.584339 -0.5736299
v -1.045853 0.2849582 -0.5736299
v -1.107513 1.570151 -0.3111415
v -1.116592 1.320746 0.3105321
v -1.058289 1.304857 0.2800078
v -1.050079 1.533442 -0.2842546
v -1.102859 1.684316 -0.6299586
v -1.045853 1.636929 -0.5736299
v -1.042587 1.633341 -0.2971735
v -1.085983 1.417237 0.2953138
v -1.11647 1.369688 0.3027043
v -1.107513 1.613498 -0.3111415
v -1.085983 1.417237 0.2953138
v -1.042587 1.633341 -0.2971735
v -0.9903107 1.623588 -0.2589278
v -0.997757 1.426226 0.2514482
v -1.000824 1.344802 0.4620118
v -1.089554 1.328081 0.5399504
v -1.00119 1.335206 0.4868302
v -1.089981 1.317574 0.5687971
v 1.042923 1.438419 0.326376
v 1.065079 1.330314 0.5713968
v 0.9816895 1.347035 0.490943
v 0.9847565 1.447408 0.2803793
v 0.9813232 1.335206 0.5157614
v 1.067673 1.317574 0.6002817
v 1.101822 1.412074 0.3429022
v 1.098068 1.301287 0.5993719
v 1.065079 1.330314 0.5713968
v 1.042923 1.438419 0.326376
v -1.116592 1.320746 0.3105321
v -1.120346 1.252881 0.5670018
v -1.061691 1.245582 0.5128036
v -1.058289 1.304857 0.2800078
v -1.085983 1.417237 0.2953138
v -1.089554 1.328081 0.5399504
v -1.120316 1.296818 0.5661702
v -1.11647 1.369688 0.3027043
v -1.089554 1.328081 0.5399504
v -1.089981 1.317574 0.5687971
v -1.120773 1.28823 0.5972219
v -1.120316 1.296818 0.5661702
v 1.098068 1.301287 0.5993719
v 1.097641 1.28823 0.6295996
v 1.067673 1.317574 0.6002817
v 1.065079 1.330314 0.5713968
v 1.041061 1.248408 0.5434837
v 1.029083 1.238596 0.5707531
v 1.097641 1.244883 0.6295996
v 1.098068 1.255706 0.5993719
v 1.041061 0.2849582 0.5434837
v 1.029083 0.2849582 0.5707531
v 1.029083 0.5229946 0.5707531
v 1.041061 0.5245056 0.5434837
v -1.061691 0.5240704 0.5128036
v -1.050537 0.5229946 0.5404048
v -1.050537 0.2849582 0.5404048
v -1.061691 0.2849582 0.5128036
v -1.120346 1.252881 0.5670018
v -1.120773 1.244883 0.5972219
v -1.050537 1.238596 0.5404048
v -1.061691 1.245582 0.5128036
v -1.070313 1.744171 -0.6017752
v -1.042587 1.633341 -0.2971735
v -1.107513 1.613498 -0.3111415
v -1.102859 1.727663 -0.6299586
v 1.115555 1.726418 -0.5975809
v 1.110901 1.596659 -0.2787638
v 1.080307 1.63334 -0.2661963
v 1.084747 1.744171 -0.5703268
v 1.0569 1.634834 -0.542942
v 1.052673 1.505103 -0.2535667
v 1.110901 1.541812 -0.2787638
v 1.115555 1.68222 -0.5975809
v -0.9916382 1.238596 0.5193028
v -0.9919434 1.238596 0.5412602
v -0.5010376 1.214981 0.548419
v -0.5007324 1.214981 0.5264692
v 0.4194641 1.238596 0.5618525
v 0.4197998 1.238596 0.5398951
v 0.9704895 1.238596 0.5698977
v 0.9708252 1.238596 0.5479403
v -1.050537 1.238596 0.5404048
v -0.5658417 1.221267 0.6053228
v -1.120773 1.244883 0.5972219
v -0.5658417 1.221267 0.6053228
v -0.5010376 1.214981 0.548419
v 0.4747467 1.244883 0.6205058
v 0.4194641 1.238596 0.5618525
v 0.9704895 1.238596 0.5698977
v 1.097641 1.244883 0.6295996
v 1.029083 1.238596 0.5707531
v -0.4847565 1.619918 -0.5665865
v -0.484436 1.619918 -0.5885515
v -0.9753418 1.645193 -0.5957103
v -0.9756622 1.645193 -0.5737453
v 0.4357452 1.645193 -0.553153
v 0.4360657 1.645193 -0.5751104
v 0.9867706 1.645193 -0.5451078
v 0.9870911 1.645193 -0.5670729
v 1.045685 1.645193 -0.5662174
v 1.115921 1.693432 -0.6230402
v 0.9870911 1.645193 -0.5670729
v 0.4930267 1.693432 -0.6321263
v 0.4360657 1.645193 -0.5751104
v -0.9753418 1.645193 -0.5957103
v -1.102493 1.693432 -0.6554103
v -1.033936 1.645193 -0.5965657
v -0.484436 1.619918 -0.5885515
v -0.5475616 1.693432 -0.6473169
v 0.4360657 1.645193 -0.5751104
v 0.4930267 1.693432 -0.6321263
v -1.061691 1.245582 0.5128036
v -1.050537 1.238596 0.5404048
v -1.050537 0.9156167 0.5404048
v -1.061691 0.9199236 0.5128036
v -1.050537 0.5229946 0.5404048
v -1.061691 0.5240704 0.5128036
v -1.058289 1.304857 0.2800078
v -1.061691 1.245582 0.5128036
v -1.061691 0.9199236 0.5128036
v -1.058289 0.956467 0.2800078
v -1.050079 1.533442 -0.2842546
v -1.050079 1.106587 -0.2842546
v -1.045853 1.636929 -0.5736299
v -1.045853 1.161191 -0.5736299
v -1.061691 0.5240704 0.5128036
v -1.060303 0.5392814 0.4171386
v -1.049423 0.4810943 -0.3286195
v -1.045853 0.584339 -0.5736299
v -1.033936 1.645193 -0.5965657
v -1.045853 1.636929 -0.5736299
v -1.045853 1.161191 -0.5736299
v -1.033936 1.166285 -0.5965657
v -1.045853 0.584339 -0.5736299
v -1.033936 0.5856116 -0.5965657
v -0.9660339 1.365285 -0.5955772
v -0.9753418 1.645193 -0.5957103
v -1.033936 1.645193 -0.5965657
v -1.033936 1.166285 -0.5965657
v -0.9730225 0.6353219 -0.5956812
v -1.033936 0.5856116 -0.5965657
v -0.9622345 1.365285 -0.5735483
v -0.9756622 1.645193 -0.5737453
v -0.9753418 1.645193 -0.5957103
v -0.9660339 1.365285 -0.5955772
v -0.4847565 1.16276 -0.5665865
v -0.4847565 1.619918 -0.5665865
v -0.9756622 1.645193 -0.5737453
v -0.9622345 1.365285 -0.5735483
v 0.4357452 1.166285 -0.553153
v 0.4357452 1.645193 -0.553153
v 0.9594269 1.166387 -0.5455046
v 0.9867706 1.645193 -0.5451078
v -0.3809967 0.4522241 -0.5650721
v -0.9642181 0.6353219 -0.5735765
v 0.4357452 0.5856116 -0.553153
v 0.9718475 0.5856369 -0.5453224
v 0.9870911 1.645193 -0.5670729
v 0.9867706 1.645193 -0.5451078
v 0.9594269 1.166387 -0.5455046
v 0.9638977 1.166387 -0.5674133
v 1.045685 1.645193 -0.5662174
v 0.9870911 1.645193 -0.5670729
v 0.9638977 1.166387 -0.5674133
v 1.045685 1.166285 -0.5662174
v 0.9812927 0.5856369 -0.5671558
v 1.045685 0.5856116 -0.5662174
v 1.0569 1.159899 -0.542942
v 1.0569 1.634834 -0.542942
v 1.045685 1.645193 -0.5662174
v 1.045685 1.166285 -0.5662174
v 1.0569 0.5840163 -0.542942
v 1.045685 0.5856116 -0.5662174
v 1.052673 1.089116 -0.2535667
v 1.052673 1.505103 -0.2535667
v 1.0569 1.634834 -0.542942
v 1.0569 1.159899 -0.542942
v 1.044434 0.9729887 0.3106956
v 1.044434 1.331656 0.3106956
v 1.041061 0.9216654 0.5434837
v 1.041061 1.248408 0.5434837
v 1.053833 0.4545205 -0.3324089
v 1.0569 0.5840163 -0.542942
v 1.044434 0.5373259 0.3106956
v 1.041061 0.5245056 0.5434837
v 1.029083 0.9156167 0.5707531
v 1.029083 1.238596 0.5707531
v 1.041061 1.248408 0.5434837
v 1.041061 0.9216654 0.5434837
v 1.029083 0.5229946 0.5707531
v 1.041061 0.5245056 0.5434837
v 0.9510193 0.6385427 0.5696163
v 0.9704895 1.238596 0.5698977
v 1.029083 1.238596 0.5707531
v 1.029083 0.9156167 0.5707531
v 0.9656372 0.4537814 0.5698233
v 1.029083 0.5229946 0.5707531
v 0.9472046 0.6385427 0.5475941
v 0.9708252 1.238596 0.5479403
v 0.9704895 1.238596 0.5698977
v 0.9510193 0.6385427 0.5696163
v 0.5499878 1.080445 0.5417976
v 0.8406067 1.080445 0.5460377
v 0.8363037 1.010314 0.5459785
v 0.5499878 1.014982 0.5417976
v -0.5007324 1.214981 0.5264692
v 0.4197998 1.238596 0.5398951
v 0.4197998 0.9156167 0.5398951
v -0.5007324 0.9131144 0.5264692
v -0.5657043 1.130311 0.5255189
v -0.5657043 1.061342 0.5255189
v -0.5683594 0.9332137 0.5254798
v -0.983551 0.8333188 0.5194197
v -0.9207153 0.9310746 0.5203381
v -0.9266663 1.147676 0.5202518
v -0.9916382 1.238596 0.5193028
v -0.9246826 1.075842 0.5202799
v 0.5224304 0.9238649 0.5413961
v 0.5308838 1.00893 0.5415168
v 0.5308838 1.088265 0.5415168
v 0.8534546 0.910657 0.5462313
v 0.9472046 0.6385427 0.5475941
v 0.8597107 1.088265 0.546319
v 0.9708252 1.238596 0.5479403
v 0.8548279 1.002493 0.5462494
v 0.9568176 0.4537814 0.5477343
v 0.4197998 0.5229946 0.5398951
v -0.5007324 0.46843 0.5264692
v -0.9895935 0.5024366 0.5193295
v -0.9246826 1.075842 0.5202799
v -0.9266663 1.147676 0.5202518
v -0.5657043 1.130311 0.5255189
v -0.5657043 1.061342 0.5255189
v -0.9919434 1.238596 0.5412602
v -0.9916382 1.238596 0.5193028
v -0.983551 0.8333188 0.5194197
v -0.9838562 0.8333188 0.5413771
v -0.9895935 0.5024366 0.5193295
v -0.9899292 0.5024366 0.5412869
v -1.050537 1.238596 0.5404048
v -0.9919434 1.238596 0.5412602
v -0.9838562 0.8333188 0.5413771
v -1.050537 0.9156167 0.5404048
v -1.050537 0.5229946 0.5404048
v -0.9899292 0.5024366 0.5412869
v -0.9207153 0.9310746 0.5203381
v -0.9246826 1.075842 0.5202799
v -0.5657043 1.061342 0.5255189
v -0.5683594 0.9332137 0.5254798
v 0.8548279 1.002493 0.5462494
v 0.8534546 0.910657 0.5462313
v 0.5224304 0.9238649 0.5413961
v 0.5308838 1.00893 0.5415168
v 0.8363037 1.010314 0.5459785
v 0.5499878 1.014982 0.5417976
v 0.5308838 1.088265 0.5415168
v 0.5499878 1.080445 0.5417976
v 0.8406067 1.080445 0.5460377
v 0.8597107 1.088265 0.546319
v -0.9642181 0.6353219 -0.5735765
v -0.9622345 1.365285 -0.5735483
v -0.9660339 1.365285 -0.5955772
v -0.9730225 0.6353219 -0.5956812
v 0.9638977 1.166387 -0.5674133
v 0.9594269 1.166387 -0.5455046
v 0.9718475 0.5856369 -0.5453224
v 0.9812927 0.5856369 -0.5671558
v 0.9568176 0.4537814 0.5477343
v 0.9472046 0.6385427 0.5475941
v 0.9510193 0.6385427 0.5696163
v 0.9656372 0.4537814 0.5698233
v -1.198746 0.8674147 -0.5598407
v -1.198746 1.057767 -0.5598407
v -1.210281 1.040678 0.2308927
v -1.202423 0.8893915 -0.3064532
v -1.214188 0.8674147 0.498837
v -1.214188 1.057767 0.498837
v -1.181137 1.074725 -0.5712428
v -1.033371 1.074725 -0.5690846
v -1.045166 1.074725 0.2393947
v -1.192932 1.074725 0.2372441
v -1.196945 1.074725 0.5107503
v -1.049149 1.074725 0.5129008
v -1.033371 0.8504565 -0.5690846
v -1.181137 0.8504565 -0.5712428
v -1.185074 0.8504565 -0.3024821
v -1.037277 0.8504565 -0.300324
v -1.196945 0.8504565 0.5107503
v -1.049149 0.8504565 0.5129008
v -1.196945 0.8504565 0.5107503
v -1.182266 0.8610196 0.5109644
v -1.07637 0.8610196 0.5125103
v -1.049149 0.8504565 0.5129008
v -1.07637 1.064162 0.5125103
v -1.049149 1.074725 0.5129008
v -1.182266 1.064162 0.5109644
v -1.196945 1.074725 0.5107503
v -1.033371 0.8504565 -0.5690846
v -1.060562 0.8610196 -0.5694828
v -1.166489 0.8610196 -0.5710287
v -1.181137 0.8504565 -0.5712428
v -1.166489 1.064162 -0.5710287
v -1.181137 1.074725 -0.5712428
v -1.060562 1.064162 -0.5694828
v -1.033371 1.074725 -0.5690846
v -1.182266 0.8610196 0.5109644
v -1.166489 0.8610196 -0.5710287
v -1.060562 0.8610196 -0.5694828
v -1.07637 0.8610196 0.5125103
v -1.07637 0.8610196 0.5125103
v -1.060562 0.8610196 -0.5694828
v -1.060562 1.064162 -0.5694828
v -1.07637 1.064162 0.5125103
v -1.07637 1.064162 0.5125103
v -1.060562 1.064162 -0.5694828
v -1.166489 1.064162 -0.5710287
v -1.182266 1.064162 0.5109644
v -1.182266 1.064162 0.5109644
v -1.166489 1.064162 -0.5710287
v -1.166489 0.8610196 -0.5710287
v -1.182266 0.8610196 0.5109644
v -1.181137 0.8504565 -0.5712428
v -1.198746 0.8674147 -0.5598407
v -1.202423 0.8893915 -0.3064532
v -1.185074 0.8504565 -0.3024821
v -1.196945 0.8504565 0.5107503
v -1.214188 0.8674147 0.498837
v -1.196945 0.8504565 0.5107503
v -1.214188 0.8674147 0.498837
v -1.214188 1.057767 0.498837
v -1.196945 1.074725 0.5107503
v -1.192932 1.074725 0.2372441
v -1.210281 1.040678 0.2308927
v -1.198746 1.057767 -0.5598407
v -1.181137 1.074725 -0.5712428
v -1.196945 1.074725 0.5107503
v -1.214188 1.057767 0.498837
v -1.181137 1.074725 -0.5712428
v -1.198746 1.057767 -0.5598407
v -1.198746 0.8674147 -0.5598407
v -1.181137 0.8504565 -0.5712428
v -1.179123 1.074725 0.4860229
v -1.178802 1.074725 0.4651718
v -1.05423 1.216764 0.4669881
v -1.05455 1.216764 0.4878392
v -1.179123 1.074725 0.4860229
v -1.05455 1.216764 0.4878392
v -1.05455 1.074725 0.4878392
v -1.05423 1.074725 0.4669881
v -1.05423 1.216764 0.4669881
v -1.178802 1.074725 0.4651718
v -1.171478 1.074725 -0.03632355
v -1.171188 1.074725 -0.05717468
v -1.046616 1.216764 -0.05535841
v -1.046936 1.216764 -0.03450727
v -1.171478 1.074725 -0.03632355
v -1.046936 1.216764 -0.03450727
v -1.046936 1.074725 -0.03450727
v -1.046616 1.074725 -0.05535841
v -1.046616 1.216764 -0.05535841
v -1.171188 1.074725 -0.05717468
v -1.164215 1.074725 -0.5353012
v -1.16391 1.074725 -0.5561447
v -1.039337 1.216764 -0.5543284
v -1.039642 1.216764 -0.5334849
v -1.164215 1.074725 -0.5353012
v -1.039642 1.216764 -0.5334849
v -1.039642 1.074725 -0.5334849
v -1.039337 1.074725 -0.5543284
v -1.039337 1.216764 -0.5543284
v -1.16391 1.074725 -0.5561447
v -1.1642 0.8504565 -0.5348816
v -1.039658 0.7084176 -0.5330653
v -1.039337 0.7084176 -0.5539165
v -1.16391 0.8504565 -0.5557327
v -1.1642 0.8504565 -0.5348816
v -1.039658 0.8504565 -0.5330653
v -1.039658 0.7084176 -0.5330653
v -1.039337 0.8504565 -0.5539165
v -1.16391 0.8504565 -0.5557327
v -1.039337 0.7084176 -0.5539165
v -1.171478 0.8504565 -0.03632355
v -1.046936 0.7084176 -0.03450727
v -1.046616 0.7084176 -0.05535841
v -1.171188 0.8504565 -0.05717468
v -1.171478 0.8504565 -0.03632355
v -1.046936 0.8504565 -0.03450727
v -1.046936 0.7084176 -0.03450727
v -1.046616 0.8504565 -0.05535841
v -1.171188 0.8504565 -0.05717468
v -1.046616 0.7084176 -0.05535841
v -1.179123 0.8504565 0.4860229
v -1.05455 0.7084176 0.4878392
v -1.05423 0.7084176 0.4669881
v -1.178802 0.8504565 0.4651718
v -1.179123 0.8504565 0.4860229
v -1.05455 0.8504565 0.4878392
v -1.05455 0.7084176 0.4878392
v -1.05423 0.8504565 0.4669881
v -1.178802 0.8504565 0.4651718
v -1.05423 0.7084176 0.4669881
v -0.9835968 0.2849582 0.3693981
v -1.037598 0.2849582 0.4394484
v -1.037598 0.1719307 0.4394484
v -0.9835968 0.1719307 0.3693981
v -1.037598 0.2849582 0.4394484
v -0.9784241 0.2849582 0.4850621
v -0.9784241 0.1998637 0.4850621
v -1.037598 0.1719307 0.4394484
v -0.975647 0.06893885 0.4872026
v -0.9297333 0.121264 0.5225797
v -0.9784241 0.2849582 0.4850621
v -0.9244232 0.2849582 0.4150124
v -0.9244232 0.1998637 0.4150124
v -0.9784241 0.1998637 0.4850621
v -0.9244232 0.2849582 0.4150124
v -0.9835968 0.2849582 0.3693981
v -0.9835968 0.1719307 0.3693981
v -0.9244232 0.1998637 0.4150124
v -0.8757324 0.121264 0.4525299
v -0.9216461 0.06893885 0.4171529
v -0.9216461 0.06893885 0.4171529
v -0.975647 0.06893885 0.4872026
v -0.9297333 0.121264 0.5225797
v -0.8757324 0.121264 0.4525299
v -0.9244232 0.2849582 0.4150124
v -0.9784241 0.2849582 0.4850621
v -1.037598 0.2849582 0.4394484
v -0.9835968 0.2849582 0.3693981
v -0.9244232 0.1998637 0.4150124
v -0.8757324 0.121264 0.4525299
v -0.9297333 0.121264 0.5225797
v -0.9784241 0.1998637 0.4850621
v -1.037598 0.1719307 0.4394484
v -0.975647 0.06893885 0.4872026
v -0.9216461 0.06893885 0.4171529
v -0.9835968 0.1719307 0.3693981
v -0.9176178 0.1351509 0.4084015
v -0.9830627 0.1351509 0.4933271
v -0.9830627 0.1136408 0.4933271
v -0.9176178 0.1136408 0.4084015
v -0.9830627 0.1351509 0.4933271
v -0.9660339 0.1351509 0.5064607
v -0.9660339 0.1136408 0.5064607
v -0.9830627 0.1136408 0.4933271
v -0.9660339 0.1351509 0.5064607
v -0.900589 0.1351509 0.4215355
v -0.900589 0.1136408 0.4215355
v -0.9660339 0.1136408 0.5064607
v -0.900589 0.1351509 0.4215355
v -0.9176178 0.1351509 0.4084015
v -0.9176178 0.1136408 0.4084015
v -0.900589 0.1136408 0.4215355
v -0.9176178 0.1136408 0.4084015
v -0.9830627 0.1136408 0.4933271
v -0.9660339 0.1136408 0.5064607
v -0.900589 0.1136408 0.4215355
v -0.900589 0.1351509 0.4215355
v -0.9660339 0.1351509 0.5064607
v -0.9830627 0.1351509 0.4933271
v -0.9176178 0.1351509 0.4084015
v -0.8391266 0.06018117 0.499701
v -0.8747864 0.06018117 0.54597
v -0.8747864 0.1805432 0.5459771
v -0.8391266 0.1805432 0.499701
v -0.8391266 0.1805432 0.499701
v -0.8747864 0.1805432 0.5459771
v -0.9573669 0.2407244 0.4823341
v -0.9216919 0.2407244 0.4360728
v -0.9216919 0.2407244 0.4360728
v -0.9573669 0.2407244 0.4823341
v -1.039902 0.1805432 0.4187059
v -1.004257 0.1805432 0.372437
v -1.004257 0.1805432 0.372437
v -1.039902 0.1805432 0.4187059
v -1.039902 0.06018117 0.4187059
v -1.004257 0.06018117 0.372437
v -1.004257 0.06018117 0.372437
v -1.039902 0.06018117 0.4187059
v -0.9573669 0 0.4823341
v -0.9216919 0 0.4360728
v -0.9216919 0 0.4360728
v -0.9573669 0 0.4823341
v -0.8747864 0.06018117 0.54597
v -0.8391266 0.06018117 0.499701
v -0.8658905 0.1610434 0.4790826
v -0.9216919 0.1203623 0.4360728
v -0.8658905 0.07968104 0.4790826
v -0.9216919 0.2017241 0.4360728
v -0.9774933 0.1610434 0.393055
v -0.9774933 0.07968104 0.393055
v -0.9216919 0.03900027 0.4360728
v -0.9015503 0.07968104 0.5253515
v -0.9573669 0.1203623 0.4823341
v -0.9015503 0.1610434 0.525351
v -0.9573669 0.2017241 0.4823341
v -1.013168 0.1610434 0.4393244
v -1.013168 0.07968104 0.4393244
v -0.9573669 0.03900027 0.4823341
v -0.8391266 0.1805432 0.499701
v -0.8658905 0.1610434 0.4790826
v -0.8658905 0.07968104 0.4790826
v -0.8391266 0.06018117 0.499701
v -0.9216919 0.2407244 0.4360728
v -0.9216919 0.2017241 0.4360728
v -1.004257 0.1805432 0.372437
v -0.9774933 0.1610434 0.393055
v -1.004257 0.06018117 0.372437
v -0.9774933 0.07968104 0.393055
v -0.9216919 0 0.4360728
v -0.9216919 0.03900027 0.4360728
v -0.8747864 0.06018117 0.54597
v -0.9015503 0.07968104 0.5253515
v -0.9015503 0.1610434 0.525351
v -0.8747864 0.1805432 0.5459771
v -0.9573669 0.2017241 0.4823341
v -0.9573669 0.2407244 0.4823341
v -1.013168 0.1610434 0.4393244
v -1.039902 0.1805432 0.4187059
v -1.013168 0.07968104 0.4393244
v -1.039902 0.06018117 0.4187059
v -0.9573669 0.03900027 0.4823341
v -0.9573669 0 0.4823341
v -0.9382477 0.2849582 -0.5327773
v -0.9922333 0.2849582 -0.4627194
v -0.9922333 0.1719307 -0.4627194
v -0.9382477 0.1719307 -0.5327773
v -0.9922333 0.2849582 -0.4627194
v -0.9330597 0.2849582 -0.4171057
v -0.9330597 0.1998637 -0.4171057
v -0.9922333 0.1719307 -0.4627194
v -0.9302826 0.06893885 -0.4149652
v -0.8843689 0.121264 -0.3795881
v -0.9330597 0.2849582 -0.4171057
v -0.8790741 0.2849582 -0.4871631
v -0.8790741 0.1998637 -0.4871631
v -0.9330597 0.1998637 -0.4171057
v -0.8790741 0.2849582 -0.4871631
v -0.9382477 0.2849582 -0.5327773
v -0.9382477 0.1719307 -0.5327773
v -0.8790741 0.1998637 -0.4871631
v -0.830368 0.121264 -0.4496379
v -0.876297 0.06893885 -0.4850225
v -0.876297 0.06893885 -0.4850225
v -0.9302826 0.06893885 -0.4149652
v -0.8843689 0.121264 -0.3795881
v -0.830368 0.121264 -0.4496379
v -0.8790741 0.2849582 -0.4871631
v -0.9330597 0.2849582 -0.4171057
v -0.9922333 0.2849582 -0.4627194
v -0.9382477 0.2849582 -0.5327773
v -0.8790741 0.1998637 -0.4871631
v -0.830368 0.121264 -0.4496379
v -0.8843689 0.121264 -0.3795881
v -0.9330597 0.1998637 -0.4171057
v -0.9922333 0.1719307 -0.4627194
v -0.9302826 0.06893885 -0.4149652
v -0.876297 0.06893885 -0.4850225
v -0.9382477 0.1719307 -0.5327773
v -0.8722687 0.1351509 -0.4937739
v -0.9377136 0.1351509 -0.4088483
v -0.9377136 0.1136408 -0.4088483
v -0.8722687 0.1136408 -0.4937739
v -0.9377136 0.1351509 -0.4088483
v -0.9206848 0.1351509 -0.3957148
v -0.9206848 0.1136408 -0.3957148
v -0.9377136 0.1136408 -0.4088483
v -0.9206848 0.1351509 -0.3957148
v -0.8552094 0.1351509 -0.4806476
v -0.8552094 0.1136408 -0.4806476
v -0.9206848 0.1136408 -0.3957148
v -0.8552094 0.1351509 -0.4806476
v -0.8722687 0.1351509 -0.4937739
v -0.8722687 0.1136408 -0.4937739
v -0.8552094 0.1136408 -0.4806476
v -0.8722687 0.1136408 -0.4937739
v -0.9377136 0.1136408 -0.4088483
v -0.9206848 0.1136408 -0.3957148
v -0.8552094 0.1136408 -0.4806476
v -0.8552094 0.1351509 -0.4806476
v -0.9206848 0.1351509 -0.3957148
v -0.9377136 0.1351509 -0.4088483
v -0.8722687 0.1351509 -0.4937739
v -0.7937622 0.06018117 -0.4024673
v -0.8294373 0.06018117 -0.3562055
v -0.8294373 0.1805432 -0.3562059
v -0.7937622 0.1805432 -0.4024673
v -0.7937622 0.1805432 -0.4024673
v -0.8294373 0.1805432 -0.3562059
v -0.9120026 0.2407244 -0.4198337
v -0.8763428 0.2407244 -0.4661102
v -0.8763428 0.2407244 -0.4661102
v -0.9120026 0.2407244 -0.4198337
v -0.9945679 0.1805432 -0.4834619
v -0.9589081 0.1805432 -0.5297384
v -0.9589081 0.1805432 -0.5297384
v -0.9945679 0.1805432 -0.4834619
v -0.9945679 0.06018117 -0.4834619
v -0.9589081 0.06018117 -0.5297384
v -0.9589081 0.06018117 -0.5297384
v -0.9945679 0.06018117 -0.4834619
v -0.9120026 0 -0.4198337
v -0.8763428 0 -0.4661102
v -0.8763428 0 -0.4661102
v -0.9120026 0 -0.4198337
v -0.8294373 0.06018117 -0.3562055
v -0.7937622 0.06018117 -0.4024673
v -0.8205261 0.1610434 -0.4230852
v -0.8763428 0.1203623 -0.4661102
v -0.8205261 0.07968104 -0.4230852
v -0.8763428 0.2017241 -0.4661102
v -0.9321442 0.1610434 -0.5091205
v -0.9321442 0.07968104 -0.5091205
v -0.8763428 0.03900027 -0.4661102
v -0.8562012 0.07968104 -0.3768239
v -0.9120026 0.1203623 -0.4198337
v -0.8562012 0.1610434 -0.3768244
v -0.9120026 0.2017241 -0.4198337
v -0.9678192 0.1610434 -0.462851
v -0.9678192 0.07968104 -0.462851
v -0.9120026 0.03900027 -0.4198337
v -0.7937622 0.1805432 -0.4024673
v -0.8205261 0.1610434 -0.4230852
v -0.8205261 0.07968104 -0.4230852
v -0.7937622 0.06018117 -0.4024673
v -0.8763428 0.2407244 -0.4661102
v -0.8763428 0.2017241 -0.4661102
v -0.9589081 0.1805432 -0.5297384
v -0.9321442 0.1610434 -0.5091205
v -0.9589081 0.06018117 -0.5297384
v -0.9321442 0.07968104 -0.5091205
v -0.8763428 0 -0.4661102
v -0.8763428 0.03900027 -0.4661102
v -0.8294373 0.06018117 -0.3562055
v -0.8562012 0.07968104 -0.3768239
v -0.8562012 0.1610434 -0.3768244
v -0.8294373 0.1805432 -0.3562059
v -0.9120026 0.2017241 -0.4198337
v -0.9120026 0.2407244 -0.4198337
v -0.9678192 0.1610434 -0.462851
v -0.9945679 0.1805432 -0.4834619
v -0.9678192 0.07968104 -0.462851
v -0.9945679 0.06018117 -0.4834619
v -0.9120026 0.03900027 -0.4198337
v -0.9120026 0 -0.4198337
v 1.054169 0.2849582 -0.4561892
v 0.9735107 0.2849582 -0.4925003
v 0.9735107 0.1719307 -0.4925003
v 1.054169 0.1719307 -0.4561892
v 0.9735107 0.2849582 -0.4925003
v 0.9428406 0.2849582 -0.4243603
v 0.9428406 0.1998637 -0.4243603
v 0.9735107 0.1719307 -0.4925003
v 0.9414063 0.06893885 -0.4211617
v 0.9176178 0.121264 -0.3683071
v 0.9428406 0.2849582 -0.4243603
v 1.023514 0.2849582 -0.3880568
v 1.023514 0.1998637 -0.3880568
v 0.9428406 0.1998637 -0.4243603
v 1.023514 0.2849582 -0.3880568
v 1.054169 0.2849582 -0.4561892
v 1.054169 0.1719307 -0.4561892
v 1.023514 0.1998637 -0.3880568
v 0.998291 0.121264 -0.3320122
v 1.022064 0.06893885 -0.3848581
v 1.022064 0.06893885 -0.3848581
v 0.9414063 0.06893885 -0.4211617
v 0.9176178 0.121264 -0.3683071
v 0.998291 0.121264 -0.3320122
v 1.023514 0.2849582 -0.3880568
v 0.9428406 0.2849582 -0.4243603
v 0.9735107 0.2849582 -0.4925003
v 1.054169 0.2849582 -0.4561892
v 1.023514 0.1998637 -0.3880568
v 0.998291 0.121264 -0.3320122
v 0.9176178 0.121264 -0.3683071
v 0.9428406 0.1998637 -0.4243603
v 0.9735107 0.1719307 -0.4925003
v 0.9414063 0.06893885 -0.4211617
v 1.022064 0.06893885 -0.3848581
v 1.054169 0.1719307 -0.4561892
v 1.031525 0.1351509 -0.3829737
v 0.9337311 0.1351509 -0.426981
v 0.9337311 0.1136408 -0.426981
v 1.031525 0.1136408 -0.3829737
v 0.9337311 0.1351509 -0.426981
v 0.9249115 0.1351509 -0.4073744
v 0.9249115 0.1136408 -0.4073744
v 0.9337311 0.1136408 -0.426981
v 0.9249115 0.1351509 -0.4073744
v 1.02269 0.1351509 -0.3633604
v 1.02269 0.1136408 -0.3633604
v 0.9249115 0.1136408 -0.4073744
v 1.02269 0.1351509 -0.3633604
v 1.031525 0.1351509 -0.3829737
v 1.031525 0.1136408 -0.3829737
v 1.02269 0.1136408 -0.3633604
v 1.031525 0.1136408 -0.3829737
v 0.9337311 0.1136408 -0.426981
v 0.9249115 0.1136408 -0.4073744
v 1.02269 0.1136408 -0.3633604
v 1.02269 0.1351509 -0.3633604
v 0.9249115 0.1351509 -0.4073744
v 0.9337311 0.1351509 -0.426981
v 1.031525 0.1351509 -0.3829737
v 0.9608612 0.06018117 -0.2854757
v 0.907608 0.06018117 -0.3094616
v 0.907608 0.1805432 -0.3094616
v 0.9608612 0.1805432 -0.2854757
v 0.9608612 0.1805432 -0.2854757
v 0.907608 0.1805432 -0.3094616
v 0.9503937 0.2407244 -0.404501
v 1.003662 0.2407244 -0.3805304
v 1.003662 0.2407244 -0.3805304
v 0.9503937 0.2407244 -0.404501
v 0.9931641 0.1805432 -0.4995565
v 1.046448 0.1805432 -0.4755774
v 1.046448 0.1805432 -0.4755774
v 0.9931641 0.1805432 -0.4995565
v 0.9931641 0.06018117 -0.4995565
v 1.046448 0.06018117 -0.4755774
v 1.046448 0.06018117 -0.4755774
v 0.9931641 0.06018117 -0.4995565
v 0.9503937 0 -0.404501
v 1.003662 0 -0.3805304
v 1.003662 0 -0.3805304
v 0.9503937 0 -0.404501
v 0.907608 0.06018117 -0.3094616
v 0.9608612 0.06018117 -0.2854757
v 0.9747314 0.1610434 -0.3162756
v 1.003662 0.1203623 -0.3805304
v 0.9747314 0.07968104 -0.3162756
v 1.003662 0.2017241 -0.3805304
v 1.032578 0.1610434 -0.4447775
v 1.032578 0.07968104 -0.4447775
v 1.003662 0.03900027 -0.3805304
v 0.9214478 0.07968104 -0.3402538
v 0.9503937 0.1203623 -0.404501
v 0.9214478 0.1610434 -0.3402538
v 0.9503937 0.2017241 -0.404501
v 0.9792938 0.1610434 -0.4687557
v 0.9792938 0.07968104 -0.4687557
v 0.9503937 0.03900027 -0.404501
v 0.9608612 0.1805432 -0.2854757
v 0.9747314 0.1610434 -0.3162756
v 0.9747314 0.07968104 -0.3162756
v 0.9608612 0.06018117 -0.2854757
v 1.003662 0.2407244 -0.3805304
v 1.003662 0.2017241 -0.3805304
v 1.046448 0.1805432 -0.4755774
v 1.032578 0.1610434 -0.4447775
v 1.046448 0.06018117 -0.4755774
v 1.032578 0.07968104 -0.4447775
v 1.003662 0 -0.3805304
v 1.003662 0.03900027 -0.3805304
v 0.907608 0.06018117 -0.3094616
v 0.9214478 0.07968104 -0.3402538
v 0.9214478 0.1610434 -0.3402538
v 0.907608 0.1805432 -0.3094616
v 0.9503937 0.2017241 -0.404501
v 0.9503937 0.2407244 -0.404501
v 0.9792938 0.1610434 -0.4687557
v 0.9931641 0.1805432 -0.4995565
v 0.9792938 0.07968104 -0.4687557
v 0.9931641 0.06018117 -0.4995565
v 0.9503937 0.03900027 -0.404501
v 0.9503937 0 -0.404501
v 0.8909302 0.2849582 0.4787607
v 0.970993 0.2849582 0.5163012
v 0.970993 0.1719307 0.5163012
v 0.8909302 0.1719307 0.4787607
v 0.970993 0.2849582 0.5163012
v 1.002716 0.2849582 0.4486504
v 1.002716 0.1998637 0.4486504
v 0.970993 0.1719307 0.5163012
v 1.004211 0.06893885 0.4454708
v 1.028809 0.121264 0.3930054
v 1.002716 0.2849582 0.4486504
v 0.9226532 0.2849582 0.4111042
v 0.9226532 0.1998637 0.4111042
v 1.002716 0.1998637 0.4486504
v 0.9226532 0.2849582 0.4111042
v 0.8909302 0.2849582 0.4787607
v 0.8909302 0.1719307 0.4787607
v 0.9226532 0.1998637 0.4111042
v 0.9487457 0.121264 0.3554583
v 0.9241486 0.06893885 0.4079313
v 0.9241486 0.06893885 0.4079313
v 1.004211 0.06893885 0.4454708
v 1.028809 0.121264 0.3930054
v 0.9487457 0.121264 0.3554583
v 0.9226532 0.2849582 0.4111042
v 1.002716 0.2849582 0.4486504
v 0.970993 0.2849582 0.5163012
v 0.8909302 0.2849582 0.4787607
v 0.9226532 0.1998637 0.4111042
v 0.9487457 0.121264 0.3554583
v 1.028809 0.121264 0.3930054
v 1.002716 0.1998637 0.4486504
v 0.970993 0.1719307 0.5163012
v 1.004211 0.06893885 0.4454708
v 0.9241486 0.06893885 0.4079313
v 0.8909302 0.1719307 0.4787607
v 0.9147186 0.1351509 0.4058943
v 1.011795 0.1351509 0.451416
v 1.011795 0.1136408 0.451416
v 0.9147186 0.1136408 0.4058943
v 1.011795 0.1351509 0.451416
v 1.02092 0.1351509 0.4319353
v 1.02092 0.1136408 0.4319353
v 1.011795 0.1136408 0.451416
v 1.02092 0.1351509 0.4319353
v 0.9238434 0.1351509 0.3864212
v 0.9238434 0.1136408 0.3864212
v 1.02092 0.1136408 0.4319353
v 0.9238434 0.1351509 0.3864212
v 0.9147186 0.1351509 0.4058943
v 0.9147186 0.1136408 0.4058943
v 0.9238434 0.1136408 0.3864212
v 0.9147186 0.1136408 0.4058943
v 1.011795 0.1136408 0.451416
v 1.02092 0.1136408 0.4319353
v 0.9238434 0.1136408 0.3864212
v 0.9238434 0.1351509 0.3864212
v 1.02092 0.1351509 0.4319353
v 1.011795 0.1351509 0.451416
v 0.9147186 0.1351509 0.4058943
v 0.9868774 0.06018117 0.3095102
v 1.039764 0.06018117 0.3343105
v 1.039749 0.1805432 0.3343029
v 0.9868774 0.1805432 0.3095102
v 0.9868774 0.1805432 0.3095102
v 1.039749 0.1805432 0.3343029
v 0.9955139 0.2407244 0.4286842
v 0.9426117 0.2407244 0.4038916
v 0.9426117 0.2407244 0.4038916
v 0.9955139 0.2407244 0.4286842
v 0.9512482 0.1805432 0.5230589
v 0.8983612 0.1805432 0.4982576
v 0.8983612 0.1805432 0.4982576
v 0.9512482 0.1805432 0.5230589
v 0.9512482 0.06018117 0.5230589
v 0.8983612 0.06018117 0.4982576
v 0.8983612 0.06018117 0.4982576
v 0.9512482 0.06018117 0.5230589
v 0.9955139 0 0.4286842
v 0.9426117 0 0.4038916
v 0.9426117 0 0.4038916
v 0.9955139 0 0.4286842
v 1.039764 0.06018117 0.3343105
v 0.9868774 0.06018117 0.3095102
v 0.9725342 0.1610434 0.3400898
v 0.9426117 0.1203623 0.4038916
v 0.9725342 0.07968104 0.3400898
v 0.9426117 0.2017241 0.4038916
v 0.9127045 0.1610434 0.4676857
v 0.9127045 0.07968104 0.4676857
v 0.9426117 0.03900027 0.4038916
v 1.025421 0.07968104 0.3648901
v 0.9955139 0.1203623 0.4286842
v 1.025421 0.1610434 0.3648901
v 0.9955139 0.2017241 0.4286842
v 0.9655914 0.1610434 0.492486
v 0.9655914 0.07968104 0.492486
v 0.9955139 0.03900027 0.4286842
v 0.9868774 0.1805432 0.3095102
v 0.9725342 0.1610434 0.3400898
v 0.9725342 0.07968104 0.3400898
v 0.9868774 0.06018117 0.3095102
v 0.9426117 0.2407244 0.4038916
v 0.9426117 0.2017241 0.4038916
v 0.8983612 0.1805432 0.4982576
v 0.9127045 0.1610434 0.4676857
v 0.8983612 0.06018117 0.4982576
v 0.9127045 0.07968104 0.4676857
v 0.9426117 0 0.4038916
v 0.9426117 0.03900027 0.4038916
v 1.039764 0.06018117 0.3343105
v 1.025421 0.07968104 0.3648901
v 1.025421 0.1610434 0.3648901
v 1.039749 0.1805432 0.3343029
v 0.9955139 0.2017241 0.4286842
v 0.9955139 0.2407244 0.4286842
v 0.9655914 0.1610434 0.492486
v 0.9512482 0.1805432 0.5230589
v 0.9655914 0.07968104 0.492486
v 0.9512482 0.06018117 0.5230589
v 0.9955139 0.03900027 0.4286842
v 0.9955139 0 0.4286842
v 1.021118 1.775247 -0.6045971
v 1.021118 1.846983 -0.6045971
v 1.02005 1.846983 -0.5324841
v 1.02005 1.775247 -0.5324841
v 1.020844 1.729522 -0.5867443
v 1.020325 1.729522 -0.5503368
v 1.021118 1.846983 -0.6045971
v 1.052795 1.846983 -0.6041336
v 1.051727 1.846983 -0.5320206
v 1.02005 1.846983 -0.5324841
v 1.052795 1.846983 -0.6041336
v 1.052795 1.775247 -0.6041336
v 1.051727 1.775247 -0.5320206
v 1.051727 1.846983 -0.5320206
v 1.052002 1.729522 -0.5498734
v 1.052521 1.729522 -0.5862808
v 1.052521 1.729522 -0.5862808
v 1.020844 1.729522 -0.5867443
v 1.020325 1.729522 -0.5503368
v 1.052002 1.729522 -0.5498734
v 1.02005 1.775247 -0.5324841
v 1.02005 1.846983 -0.5324841
v 1.051727 1.846983 -0.5320206
v 1.051727 1.775247 -0.5320206
v 1.052795 1.775247 -0.6041336
v 1.052795 1.846983 -0.6041336
v 1.021118 1.846983 -0.6045971
v 1.021118 1.775247 -0.6045971
v 1.051727 1.775247 -0.5320206
v 1.052002 1.729522 -0.5498734
v 1.020325 1.729522 -0.5503368
v 1.02005 1.775247 -0.5324841
v 1.021118 1.775247 -0.6045971
v 1.020844 1.729522 -0.5867443
v 1.052521 1.729522 -0.5862808
v 1.052795 1.775247 -0.6041336
v -1.061798 1.775247 -0.6349993
v -1.061798 1.846983 -0.6349993
v -1.062866 1.846983 -0.5628786
v -1.062866 1.775247 -0.5628786
v -1.062073 1.729522 -0.6171389
v -1.062592 1.729522 -0.5807314
v -1.061798 1.846983 -0.6349993
v -1.030151 1.846983 -0.6345363
v -1.031189 1.846983 -0.5624156
v -1.062866 1.846983 -0.5628786
v -1.030151 1.846983 -0.6345363
v -1.030151 1.775247 -0.6345363
v -1.031189 1.775247 -0.5624156
v -1.031189 1.846983 -0.5624156
v -1.030945 1.729522 -0.5802684
v -1.030396 1.729522 -0.6166835
v -1.030396 1.729522 -0.6166835
v -1.062073 1.729522 -0.6171389
v -1.062592 1.729522 -0.5807314
v -1.030945 1.729522 -0.5802684
v -1.062866 1.775247 -0.5628786
v -1.062866 1.846983 -0.5628786
v -1.031189 1.846983 -0.5624156
v -1.031189 1.775247 -0.5624156
v -1.030151 1.775247 -0.6345363
v -1.030151 1.846983 -0.6345363
v -1.061798 1.846983 -0.6349993
v -1.061798 1.775247 -0.6349993
v -1.031189 1.775247 -0.5624156
v -1.030945 1.729522 -0.5802684
v -1.062592 1.729522 -0.5807314
v -1.062866 1.775247 -0.5628786
v -1.061798 1.775247 -0.6349993
v -1.062073 1.729522 -0.6171389
v -1.030396 1.729522 -0.6166835
v -1.030151 1.775247 -0.6345363
v 1.105072 1.831299 -0.5541544
v -1.095947 1.831299 -0.5862756
v -1.095566 1.831299 -0.6122766
v 1.105453 1.831299 -0.5801554
v 1.105453 1.831299 -0.5801554
v -1.095566 1.831299 -0.6122766
v -1.095398 1.808781 -0.625277
v 1.105652 1.808781 -0.5931559
v 1.105652 1.808781 -0.5931559
v -1.095398 1.808781 -0.625277
v -1.095566 1.786263 -0.6122766
v 1.105453 1.786263 -0.5801554
v 1.105453 1.786263 -0.5801554
v -1.095566 1.786263 -0.6122766
v -1.095947 1.786263 -0.5862756
v 1.105072 1.786263 -0.5541544
v 1.105072 1.786263 -0.5541544
v -1.095947 1.786263 -0.5862756
v -1.096146 1.808781 -0.5732751
v 1.104904 1.808781 -0.5411615
v 1.104904 1.808781 -0.5411615
v -1.096146 1.808781 -0.5732751
v -1.095947 1.831299 -0.5862756
v 1.105072 1.831299 -0.5541544
v 1.105453 1.831299 -0.5801554
v 1.10527 1.808781 -0.5671549
v 1.105072 1.831299 -0.5541544
v 1.105652 1.808781 -0.5931559
v 1.105453 1.786263 -0.5801554
v 1.105072 1.786263 -0.5541544
v 1.104904 1.808781 -0.5411615
v -1.095947 1.831299 -0.5862756
v -1.095779 1.808781 -0.5992761
v -1.095566 1.831299 -0.6122766
v -1.095398 1.808781 -0.625277
v -1.095566 1.786263 -0.6122766
v -1.095947 1.786263 -0.5862756
v -1.096146 1.808781 -0.5732751
v 1.096786 1.188221 0.6466808
v 1.096786 1.116485 0.6466808
v 1.097824 1.116485 0.5745602
v 1.097824 1.188221 0.5745602
v 1.097031 1.298753 0.628828
v 1.09758 1.298753 0.5924206
v 1.096786 1.116485 0.6466808
v 1.128464 1.116485 0.6471443
v 1.129501 1.116485 0.5750237
v 1.097824 1.116485 0.5745602
v 1.128464 1.116485 0.6471443
v 1.128464 1.188221 0.6471443
v 1.129501 1.188221 0.5750237
v 1.129501 1.116485 0.5750237
v 1.129257 1.298753 0.5928764
v 1.128708 1.298753 0.6292915
v 1.128708 1.298753 0.6292915
v 1.097031 1.298753 0.628828
v 1.09758 1.298753 0.5924206
v 1.129257 1.298753 0.5928764
v 1.097824 1.188221 0.5745602
v 1.097824 1.116485 0.5745602
v 1.129501 1.116485 0.5750237
v 1.129501 1.188221 0.5750237
v 1.128464 1.188221 0.6471443
v 1.128464 1.116485 0.6471443
v 1.096786 1.116485 0.6466808
v 1.096786 1.188221 0.6466808
v 1.129501 1.188221 0.5750237
v 1.129257 1.298753 0.5928764
v 1.09758 1.298753 0.5924206
v 1.097824 1.188221 0.5745602
v 1.096786 1.188221 0.6466808
v 1.097031 1.298753 0.628828
v 1.128708 1.298753 0.6292915
v 1.128464 1.188221 0.6471443
v -1.150223 1.188221 0.6138887
v -1.150223 1.116485 0.6138887
v -1.149185 1.116485 0.5417681
v -1.149185 1.188221 0.5417681
v -1.149979 1.298753 0.596036
v -1.149429 1.298753 0.5596285
v -1.150223 1.116485 0.6138887
v -1.118546 1.116485 0.6143522
v -1.117508 1.116485 0.5422316
v -1.149185 1.116485 0.5417681
v -1.118546 1.116485 0.6143522
v -1.118546 1.188221 0.6143522
v -1.117508 1.188221 0.5422316
v -1.117508 1.116485 0.5422316
v -1.117752 1.298753 0.5600843
v -1.118301 1.298753 0.5964994
v -1.118301 1.298753 0.5964994
v -1.149979 1.298753 0.596036
v -1.149429 1.298753 0.5596285
v -1.117752 1.298753 0.5600843
v -1.149185 1.188221 0.5417681
v -1.149185 1.116485 0.5417681
v -1.117508 1.116485 0.5422316
v -1.117508 1.188221 0.5422316
v -1.118546 1.188221 0.6143522
v -1.118546 1.116485 0.6143522
v -1.150223 1.116485 0.6138887
v -1.150223 1.188221 0.6138887
v -1.117508 1.188221 0.5422316
v -1.117752 1.298753 0.5600843
v -1.149429 1.298753 0.5596285
v -1.149185 1.188221 0.5417681
v -1.150223 1.188221 0.6138887
v -1.149979 1.298753 0.596036
v -1.118301 1.298753 0.5964994
v -1.118546 1.188221 0.6143522
v 1.182175 1.132169 0.598711
v 0.3379974 1.11785 0.5994606
v 0.337616 1.11785 0.6254616
v 1.181808 1.132169 0.6247044
v -0.6025848 1.141553 0.5986652
v -0.6021881 1.141553 0.5726719
v -1.183304 1.132169 0.5901866
v -1.182938 1.132169 0.5641932
v 1.181808 1.132169 0.6247044
v 0.337616 1.11785 0.6254616
v 0.3374176 1.140368 0.6384621
v 1.181625 1.154686 0.6377125
v -0.6027679 1.164071 0.6116657
v -0.6025848 1.141553 0.5986652
v -1.183517 1.154686 0.6031947
v -1.183304 1.132169 0.5901866
v 1.181625 1.154686 0.6377125
v 0.3374176 1.140368 0.6384621
v 0.337616 1.162885 0.6254616
v 1.181808 1.177204 0.6247044
v -0.6025848 1.186588 0.5986652
v -0.6027679 1.164071 0.6116657
v -1.183304 1.177204 0.5901866
v -1.183517 1.154686 0.6031947
v 1.181808 1.177204 0.6247044
v 0.337616 1.162885 0.6254616
v 0.3379974 1.162885 0.5994606
v 1.182175 1.177204 0.598711
v -0.6021881 1.186588 0.5726719
v -0.6025848 1.186588 0.5986652
v -1.182938 1.177204 0.5641932
v -1.183304 1.177204 0.5901866
v 1.182175 1.177204 0.598711
v 0.3379974 1.162885 0.5994606
v 0.3381958 1.140368 0.5864601
v 1.182373 1.154686 0.5857105
v -0.6019897 1.164071 0.5596714
v -0.6021881 1.186588 0.5726719
v -1.182739 1.154686 0.5511928
v -1.182938 1.177204 0.5641932
v 1.182373 1.154686 0.5857105
v 0.3381958 1.140368 0.5864601
v 0.3379974 1.11785 0.5994606
v 1.182175 1.132169 0.598711
v -0.6021881 1.141553 0.5726719
v -0.6019897 1.164071 0.5596714
v -1.182938 1.132169 0.5641932
v -1.182739 1.154686 0.5511928
v 1.181808 1.132169 0.6247044
v 1.182007 1.154686 0.6117039
v 1.182175 1.132169 0.598711
v 1.181625 1.154686 0.6377125
v 1.181808 1.177204 0.6247044
v 1.182175 1.177204 0.598711
v 1.182373 1.154686 0.5857105
v -1.182938 1.132169 0.5641932
v -1.183136 1.154686 0.5771937
v -1.183304 1.132169 0.5901866
v -1.183517 1.154686 0.6031947
v -1.183304 1.177204 0.5901866
v -1.182938 1.177204 0.5641932
v -1.182739 1.154686 0.5511928
v 1.214584 0.8674147 -0.524621
v 1.210876 0.8893915 -0.2712336
v 1.203049 1.040678 0.2661047
v 1.214584 1.057767 -0.524621
v 1.199142 0.8674147 0.5340567
v 1.199142 1.057767 0.5340567
v 1.197342 1.074725 -0.5365343
v 1.185516 1.074725 0.2719526
v 1.034821 1.074725 0.2697535
v 1.046616 1.074725 -0.5387335
v 1.181534 1.074725 0.5454588
v 1.030838 1.074725 0.5432596
v 1.046616 0.8504565 -0.5387335
v 1.042709 0.8504565 -0.2699728
v 1.193405 0.8504565 -0.2677736
v 1.197342 0.8504565 -0.5365343
v 1.181534 0.8504565 0.5454588
v 1.030838 0.8504565 0.5432596
v 1.181534 0.8504565 0.5454588
v 1.030838 0.8504565 0.5432596
v 1.060959 0.8610196 0.5436993
v 1.166885 0.8610196 0.5452452
v 1.060959 1.064162 0.5436993
v 1.030838 1.074725 0.5432596
v 1.166885 1.064162 0.5452452
v 1.181534 1.074725 0.5454588
v 1.046616 0.8504565 -0.5387335
v 1.197342 0.8504565 -0.5365343
v 1.182663 0.8610196 -0.5367479
v 1.076767 0.8610196 -0.5382938
v 1.182663 1.064162 -0.5367479
v 1.197342 1.074725 -0.5365343
v 1.076767 1.064162 -0.5382938
v 1.046616 1.074725 -0.5387335
v 1.166885 0.8610196 0.5452452
v 1.060959 0.8610196 0.5436993
v 1.076767 0.8610196 -0.5382938
v 1.182663 0.8610196 -0.5367479
v 1.060959 0.8610196 0.5436993
v 1.060959 1.064162 0.5436993
v 1.076767 1.064162 -0.5382938
v 1.076767 0.8610196 -0.5382938
v 1.060959 1.064162 0.5436993
v 1.166885 1.064162 0.5452452
v 1.182663 1.064162 -0.5367479
v 1.076767 1.064162 -0.5382938
v 1.166885 1.064162 0.5452452
v 1.166885 0.8610196 0.5452452
v 1.182663 0.8610196 -0.5367479
v 1.182663 1.064162 -0.5367479
v 1.197342 0.8504565 -0.5365343
v 1.193405 0.8504565 -0.2677736
v 1.210876 0.8893915 -0.2712336
v 1.214584 0.8674147 -0.524621
v 1.181534 0.8504565 0.5454588
v 1.199142 0.8674147 0.5340567
v 1.181534 0.8504565 0.5454588
v 1.181534 1.074725 0.5454588
v 1.199142 1.057767 0.5340567
v 1.199142 0.8674147 0.5340567
v 1.185516 1.074725 0.2719526
v 1.197342 1.074725 -0.5365343
v 1.214584 1.057767 -0.524621
v 1.203049 1.040678 0.2661047
v 1.181534 1.074725 0.5454588
v 1.199142 1.057767 0.5340567
v 1.197342 1.074725 -0.5365343
v 1.197342 0.8504565 -0.5365343
v 1.214584 0.8674147 -0.524621
v 1.214584 1.057767 -0.524621
v 1.164444 1.074725 0.5202217
v 1.039871 1.216764 0.518405
v 1.040192 1.216764 0.4975538
v 1.164764 1.074725 0.4993706
v 1.164444 1.074725 0.5202217
v 1.039871 1.074725 0.518405
v 1.039871 1.216764 0.518405
v 1.040192 1.074725 0.4975538
v 1.164764 1.074725 0.4993706
v 1.040192 1.216764 0.4975538
v 1.172058 1.074725 -0.002117157
v 1.047516 1.216764 -0.003941536
v 1.047806 1.216764 -0.02479267
v 1.172379 1.074725 -0.02297592
v 1.172058 1.074725 -0.002117157
v 1.047516 1.074725 -0.003941536
v 1.047516 1.216764 -0.003941536
v 1.047806 1.074725 -0.02479267
v 1.172379 1.074725 -0.02297592
v 1.047806 1.216764 -0.02479267
v 1.179352 1.074725 -0.5011024
v 1.054779 1.216764 -0.5029192
v 1.055084 1.216764 -0.5237627
v 1.179657 1.074725 -0.521946
v 1.179352 1.074725 -0.5011024
v 1.054779 1.074725 -0.5029192
v 1.054779 1.216764 -0.5029192
v 1.055084 1.074725 -0.5237627
v 1.179657 1.074725 -0.521946
v 1.055084 1.216764 -0.5237627
v 1.179337 0.8504565 -0.5006828
v 1.179657 0.8504565 -0.521534
v 1.055084 0.7084176 -0.5233507
v 1.054764 0.7084176 -0.5024996
v 1.179337 0.8504565 -0.5006828
v 1.054764 0.7084176 -0.5024996
v 1.054764 0.8504565 -0.5024996
v 1.055084 0.8504565 -0.5233507
v 1.055084 0.7084176 -0.5233507
v 1.179657 0.8504565 -0.521534
v 1.172058 0.8504565 -0.002117157
v 1.172379 0.8504565 -0.02297592
v 1.047806 0.7084176 -0.02479267
v 1.047516 0.7084176 -0.003941536
v 1.172058 0.8504565 -0.002117157
v 1.047516 0.7084176 -0.003941536
v 1.047516 0.8504565 -0.003941536
v 1.047806 0.8504565 -0.02479267
v 1.047806 0.7084176 -0.02479267
v 1.172379 0.8504565 -0.02297592
v 1.164444 0.8504565 0.5202217
v 1.164764 0.8504565 0.4993706
v 1.040192 0.7084176 0.4975538
v 1.039871 0.7084176 0.518405
v 1.164444 0.8504565 0.5202217
v 1.039871 0.7084176 0.518405
v 1.039871 0.8504565 0.518405
v 1.040192 0.8504565 0.4975538
v 1.040192 0.7084176 0.4975538
v 1.164764 0.8504565 0.4993706

vn 0.01313019 0.4384766 -0.8984375
vn 0.01313019 0.4384766 -0.8984375
vn 0.01313019 0.4384766 -0.8984375
vn 0.01313019 0.4384766 -0.8984375
vn 0.01309967 0.4384766 -0.8984375
vn 0.01309967 0.4384766 -0.8984375
vn 0.01309967 0.4384766 -0.8984375
vn 0.01309967 0.4384766 -0.8984375
vn 0.0131073 0.4384766 -0.8984375
vn 0.0131073 0.4384766 -0.8984375
vn 0.0131073 0.4384766 -0.8984375
vn 0.0131073 0.4384766 -0.8984375
vn 0.0131073 0.4384766 -0.8984375
vn 0.0131073 0.4384766 -0.8984375
vn 0.0131073 0.4384766 -0.8984375
vn 0.0131073 0.4384766 -0.8984375
vn 0.01313019 0.4384766 -0.8984375
vn 0.01313019 0.4384766 -0.8984375
vn 0.01313019 0.4384766 -0.8984375
vn 0.01313019 0.4384766 -0.8984375
vn -0.8779297 0.21875 -0.4257813
vn -0.8779297 0.21875 -0.4257813
vn -0.878418 0.2310791 -0.4187012
vn -0.878418 0.2310791 -0.4187012
vn -0.878418 0.2431641 -0.4116211
vn -0.878418 0.2431641 -0.4116211
vn 0.005157471 0.9355469 -0.3530273
vn 0.005157471 0.9355469 -0.3530273
vn 0.005157471 0.9355469 -0.3530273
vn 0.005157471 0.9355469 -0.3530273
vn 0.005157471 0.9355469 -0.3530273
vn 0.005157471 0.9355469 -0.3530273
vn 0.005157471 0.9355469 -0.3530273
vn 0.005157471 0.9355469 -0.3530273
vn 0.005157471 0.9355469 -0.3530273
vn 0.005157471 0.9355469 -0.3530273
vn 0.005157471 0.9355469 -0.3530273
vn 0.005157471 0.9355469 -0.3530273
vn 0.005157471 0.9355469 -0.3530273
vn 0.005157471 0.9355469 -0.3530273
vn 0.005157471 0.9355469 -0.3530273
vn 0.005157471 0.9355469 -0.3530273
vn 0.8901367 0.2310791 -0.3930664
vn 0.8901367 0.2310791 -0.3930664
vn 0.8901367 0.2188721 -0.4001465
vn 0.8901367 0.2188721 -0.4001465
vn 0.8896484 0.2432861 -0.3859863
vn 0.8896484 0.2432861 -0.3859863
vn 0.01438141 -0.1729736 -0.9848633
vn 0.01438141 -0.1729736 -0.9848633
vn 0.01438141 -0.1729736 -0.9848633
vn 0.01438141 -0.1729736 -0.9848633
vn 0.01436615 -0.1730957 -0.9848633
vn 0.01438141 -0.1729736 -0.9848633
vn 0.01438141 -0.1729736 -0.9848633
vn 0.01435852 -0.1730957 -0.9848633
vn 0.01435852 -0.1730957 -0.9848633
vn 0.01435852 -0.1730957 -0.9848633
vn 0.01435852 -0.1730957 -0.9848633
vn 0.01435852 -0.1730957 -0.9848633
vn 0.01435852 -0.1730957 -0.9848633
vn 0.01435852 -0.1730957 -0.9848633
vn 0.01435852 -0.1730957 -0.9848633
vn 0.01435852 -0.1730957 -0.9848633
vn -0.8779297 0.21875 -0.4255371
vn -0.8779297 0.21875 -0.4255371
vn -0.878418 0.230957 -0.4187012
vn -0.878418 0.230957 -0.4187012
vn -0.878418 0.243042 -0.4116211
vn -0.878418 0.243042 -0.4116211
vn 0.8901367 0.230957 -0.3928223
vn 0.8901367 0.230957 -0.3928223
vn 0.8901367 0.21875 -0.3999023
vn 0.8901367 0.21875 -0.3999023
vn 0.8896484 0.2432861 -0.3859863
vn 0.8896484 0.2432861 -0.3859863
vn -0.8779297 0.21875 -0.4257813
vn -0.8779297 0.21875 -0.4257813
vn -0.8779297 0.2310791 -0.4189453
vn -0.8779297 0.2310791 -0.4189453
vn -0.878418 0.2432861 -0.4118652
vn -0.878418 0.2432861 -0.4118652
vn 0.8901367 0.2310791 -0.3933105
vn 0.8901367 0.2310791 -0.3933105
vn 0.8901367 0.2188721 -0.4001465
vn 0.8901367 0.2188721 -0.4001465
vn 0.8896484 0.2432861 -0.3862305
vn 0.8896484 0.2432861 -0.3862305
vn -0.8779297 0.21875 -0.4257813
vn -0.8779297 0.21875 -0.4257813
vn -0.878418 0.230957 -0.4187012
vn -0.878418 0.230957 -0.4187012
vn -0.878418 0.2431641 -0.4116211
vn -0.878418 0.2431641 -0.4116211
vn 0.8901367 0.230957 -0.3928223
vn 0.8901367 0.230957 -0.3928223
vn 0.8901367 0.21875 -0.3999023
vn 0.8901367 0.21875 -0.3999023
vn 0.8901367 0.2431641 -0.3857422
vn 0.8901367 0.2431641 -0.3857422
vn -0.8779297 0.21875 -0.4255371
vn -0.8779297 0.21875 -0.4255371
vn -0.878418 0.230957 -0.4187012
vn -0.878418 0.230957 -0.4187012
vn -0.878418 0.243042 -0.4116211
vn -0.878418 0.243042 -0.4116211
vn 0.8901367 0.230957 -0.3928223
vn 0.8901367 0.230957 -0.3928223
vn 0.8901367 0.21875 -0.3999023
vn 0.8901367 0.21875 -0.3999023
vn 0.8901367 0.2431641 -0.3857422
vn 0.8901367 0.2431641 -0.3857422
vn 0.01276398 0.4951172 -0.8686523
vn 0.01276398 0.4951172 -0.8686523
vn 0.01272583 0.4951172 -0.8686523
vn 0.01272583 0.4951172 -0.8686523
vn 0.01268005 0.4951172 -0.8686523
vn 0.01268005 0.4951172 -0.8686523
vn 0.01268005 0.4951172 -0.8686523
vn 0.01268005 0.4951172 -0.8686523
vn 0.01268005 0.4951172 -0.8686523
vn 0.01268005 0.4951172 -0.8686523
vn 0.01268005 0.4951172 -0.8686523
vn 0.01268005 0.4951172 -0.8686523
vn 0.01266479 0.4951172 -0.8686523
vn 0.01266479 0.4951172 -0.8686523
vn 0.01265717 0.4951172 -0.8686523
vn 0.01265717 0.4951172 -0.8686523
vn 0.0127182 0.4951172 -0.8686523
vn 0.01267242 0.4951172 -0.8686523
vn 0.01267242 0.4951172 -0.8686523
vn 0.01268005 0.4951172 -0.8686523
vn 0.01268005 0.4951172 -0.8686523
vn 0.01268005 0.4951172 -0.8686523
vn 0.01268005 0.4951172 -0.8686523
vn 0.01268005 0.4951172 -0.8686523
vn 0.01268005 0.4951172 -0.8686523
vn 0.01268005 0.4951172 -0.8686523
vn 0.01268005 0.4951172 -0.8686523
vn 0.0127182 0.4951172 -0.8686523
vn -1 8.487701E-05 -0.01477051
vn -1 8.487701E-05 -0.01477051
vn -1 0 -0.0146637
vn -1 0 -0.0146637
vn -1 0.000169754 -0.01487732
vn -1 0.000169754 -0.01487732
vn 1 0 0.01446533
vn 1 0 0.01446533
vn 1 0 0.0144577
vn 1 0 0.0144577
vn 1 0 0.01445007
vn 1 0 0.01445007
vn 0.007225037 -0.8686523 -0.4951172
vn 0.007225037 -0.8686523 -0.4951172
vn 0.007225037 -0.8686523 -0.4951172
vn 0.007225037 -0.8686523 -0.4951172
vn 0.007225037 -0.8686523 -0.4951172
vn 0.007225037 -0.8686523 -0.4951172
vn 0.007225037 -0.8686523 -0.4951172
vn 0.007225037 -0.8686523 -0.4951172
vn 0.007228851 -0.8686523 -0.4951172
vn 0.007228851 -0.8686523 -0.4951172
vn 0.007232666 -0.8686523 -0.4951172
vn 0.007232666 -0.8686523 -0.4951172
vn -0.007225037 0.8686523 0.4951172
vn -0.007225037 0.8686523 0.4951172
vn -0.007225037 0.8686523 0.4951172
vn -0.007225037 0.8686523 0.4951172
vn -0.007225037 0.8686523 0.4951172
vn -0.007225037 0.8686523 0.4951172
vn -0.007225037 0.8686523 0.4951172
vn -0.007225037 0.8686523 0.4951172
vn -0.007225037 0.8686523 0.4951172
vn -0.007225037 0.8686523 0.4951172
vn -0.007225037 0.8686523 0.4951172
vn -0.007225037 0.8686523 0.4951172
vn -0.01267242 -0.4951172 0.8686523
vn -0.01268005 -0.4951172 0.8686523
vn -0.01267242 -0.4951172 0.8686523
vn -0.01266479 -0.4951172 0.8686523
vn -0.01268005 -0.4951172 0.8686523
vn -0.01267242 -0.4951172 0.8686523
vn -0.01268005 -0.4951172 0.8686523
vn -0.01267242 -0.4951172 0.8686523
vn -0.01268768 -0.4951172 0.8686523
vn -0.01269531 -0.4951172 0.8686523
vn -0.01268005 -0.4951172 0.8686523
vn -0.01268768 -0.4951172 0.8686523
vn -0.01268005 -0.4951172 0.8686523
vn -0.01267242 -0.4951172 0.8686523
vn -0.01267242 -0.4951172 0.8686523
vn 0.01222229 0.5473633 -0.8364258
vn 0.01222229 0.5473633 -0.8364258
vn 0.01222229 0.5473633 -0.8364258
vn 0.01222229 0.5473633 -0.8364258
vn 0.01222229 0.5473633 -0.8364258
vn 0.01222229 0.5473633 -0.8364258
vn 0.01222229 0.5473633 -0.8364258
vn 0.01222229 0.5473633 -0.8364258
vn 0.01222229 0.5473633 -0.8364258
vn 0.01222229 0.5473633 -0.8364258
vn 0.01222229 0.5473633 -0.8364258
vn 0.01222229 0.5473633 -0.8364258
vn 0.01222229 0.5473633 -0.8364258
vn 0.01222229 0.5473633 -0.8364258
vn 0.01222229 0.5473633 -0.8364258
vn 0.01222229 0.5473633 -0.8364258
vn 0.01222229 0.5473633 -0.8364258
vn 0.01222229 0.5473633 -0.8364258
vn 0.01222229 0.5473633 -0.8364258
vn 0.01222229 0.5473633 -0.8364258
vn -0.004421234 0.953125 0.3032227
vn -0.004421234 0.953125 0.3032227
vn -0.004421234 0.953125 0.3032227
vn -0.004421234 0.953125 0.3032227
vn -0.004425049 0.953125 0.3032227
vn -0.004425049 0.953125 0.3032227
vn -0.004425049 0.953125 0.3032227
vn -0.004425049 0.953125 0.3032227
vn -0.004421234 0.953125 0.3032227
vn -0.004421234 0.953125 0.3032227
vn -0.004421234 0.953125 0.3032227
vn -0.004421234 0.953125 0.3032227
vn -0.004421234 0.953125 0.3032227
vn -0.004421234 0.953125 0.3032227
vn -0.004421234 0.953125 0.3032227
vn -0.004421234 0.953125 0.3032227
vn -0.004421234 0.953125 0.3032227
vn -0.004421234 0.953125 0.3032227
vn -0.004421234 0.953125 0.3032227
vn -0.004421234 0.953125 0.3032227
vn -0.8823242 0.453125 0.1275635
vn -0.8823242 0.453125 0.1275635
vn -0.8833008 0.4411621 0.1585693
vn -0.8833008 0.4411621 0.1585693
vn -0.8833008 0.4284668 0.1894531
vn -0.8833008 0.4284668 0.1894531
vn -0.01274109 0.4853516 0.8740234
vn -0.01274109 0.4853516 0.8740234
vn -0.01274109 0.4853516 0.8740234
vn -0.01274109 0.4853516 0.8740234
vn -0.01274109 0.4853516 0.8740234
vn -0.01274109 0.4853516 0.8740234
vn -0.01274109 0.4853516 0.8740234
vn -0.01274109 0.4853516 0.8740234
vn -0.01274109 0.4853516 0.8740234
vn -0.01275635 0.4853516 0.8740234
vn -0.01276398 0.4853516 0.8740234
vn -0.01276398 0.4853516 0.8740234
vn -0.01276398 0.4853516 0.8740234
vn -0.01276398 0.4853516 0.8740234
vn -0.01276398 0.4853516 0.8740234
vn -0.01276398 0.4853516 0.8740234
vn 0.8769531 0.4431152 0.1850586
vn 0.8769531 0.4431152 0.1850586
vn 0.8769531 0.4577637 0.1473389
vn 0.8769531 0.4577637 0.1473389
vn 0.8759766 0.4279785 0.2224121
vn 0.8759766 0.4279785 0.2224121
vn 0.004577637 0.9492188 -0.314209
vn 0.004577637 0.9492188 -0.314209
vn 0.004577637 0.9492188 -0.314209
vn 0.004577637 0.9492188 -0.314209
vn 0.004577637 0.9492188 -0.314209
vn 0.004577637 0.9492188 -0.314209
vn 0.004577637 0.9492188 -0.314209
vn 0.004585266 0.9492188 -0.314209
vn 0.004581451 0.9492188 -0.314209
vn 0.004581451 0.9492188 -0.314209
vn 0.004585266 0.9492188 -0.314209
vn 0.004585266 0.9492188 -0.314209
vn 0.004585266 0.9492188 -0.314209
vn 0.004585266 0.9492188 -0.314209
vn 0.004585266 0.9492188 -0.314209
vn 0.004585266 0.9492188 -0.314209
vn -0.8842773 0.4472656 0.1348877
vn -0.8842773 0.4472656 0.1348877
vn -0.8847656 0.4384766 0.1578369
vn -0.8847656 0.4384766 0.1578369
vn -0.8847656 0.4294434 0.1806641
vn -0.8847656 0.4294434 0.1806641
vn 0.8193359 0.5297852 0.21875
vn 0.8193359 0.5297852 0.21875
vn 0.8193359 0.53125 0.2149658
vn 0.8193359 0.53125 0.2149658
vn 0.8193359 0.5283203 0.2224121
vn 0.8193359 0.5283203 0.2224121
vn -0.8920898 0.4196777 0.1687012
vn -0.8920898 0.4196777 0.1687012
vn -0.8916016 0.4257813 0.1535645
vn -0.8916016 0.4257813 0.1535645
vn -0.8911133 0.4316406 0.1384277
vn -0.8911133 0.4316406 0.1384277
vn 0.8295898 0.5161133 0.2137451
vn 0.8295898 0.5161133 0.2137451
vn 0.8295898 0.5141602 0.2181396
vn 0.8295898 0.5141602 0.2181396
vn 0.8295898 0.5180664 0.2093506
vn 0.8295898 0.5180664 0.2093506
vn -0.8862305 0.4401855 0.1434326
vn -0.8862305 0.4401855 0.1434326
vn -0.8867188 0.4350586 0.1566162
vn -0.8867188 0.4350586 0.1566162
vn -0.8867188 0.4296875 0.1696777
vn -0.8867188 0.4296875 0.1696777
vn 0.8764648 0.4445801 0.1854248
vn 0.8764648 0.4445801 0.1854248
vn 0.8759766 0.4604492 0.1442871
vn 0.8759766 0.4604492 0.1442871
vn 0.875 0.4277344 0.2261963
vn 0.875 0.4277344 0.2261963
vn -0.8911133 0.4221191 0.1656494
vn -0.8911133 0.4221191 0.1656494
vn -0.8911133 0.427002 0.1539307
vn -0.8911133 0.427002 0.1539307
vn -0.890625 0.4316406 0.142334
vn -0.890625 0.4316406 0.142334
vn 0.8139648 0.5371094 0.2214355
vn 0.8139648 0.5371094 0.2214355
vn 0.8139648 0.5380859 0.2185059
vn 0.8139648 0.5380859 0.2185059
vn 0.8139648 0.5356445 0.2244873
vn 0.8139648 0.5356445 0.2244873
vn -0.005302429 0.9316406 0.3635254
vn -0.005302429 0.9316406 0.3635254
vn -0.005298615 0.9316406 0.3635254
vn -0.005298615 0.9316406 0.3635254
vn -0.005306244 0.9316406 0.3635254
vn -0.005306244 0.9316406 0.3635254
vn -0.005306244 0.9316406 0.3635254
vn -0.005306244 0.9316406 0.3635254
vn -0.005306244 0.9316406 0.3635254
vn -0.005306244 0.9316406 0.3635254
vn -0.005306244 0.9316406 0.3635254
vn -0.005306244 0.9316406 0.3635254
vn -0.005321503 0.9316406 0.3635254
vn -0.005321503 0.9316406 0.3635254
vn -0.005321503 0.9316406 0.3635254
vn -0.005321503 0.9316406 0.3635254
vn -0.005313873 0.9316406 0.3635254
vn -0.005306244 0.9316406 0.3635254
vn -0.005306244 0.9316406 0.3635254
vn -0.005306244 0.9316406 0.3635254
vn -0.005306244 0.9316406 0.3635254
vn -0.005310059 0.9316406 0.3635254
vn -0.005310059 0.9316406 0.3635254
vn -0.005306244 0.9316406 0.3635254
vn -0.005306244 0.9316406 0.3635254
vn -0.005306244 0.9316406 0.3635254
vn -0.005306244 0.9316406 0.3635254
vn -0.005313873 0.9316406 0.3635254
vn -1 0 -0.01461792
vn -1 0 -0.01461792
vn -1 0 -0.01461792
vn -1 0 -0.01461792
vn -1 0 -0.01461792
vn -1 0 -0.01461792
vn 1 -0.0001475811 0.01455688
vn 1 -0.0001475811 0.01455688
vn 1 -7.379055E-05 0.0145874
vn 1 -7.379055E-05 0.0145874
vn 1 0 0.01461792
vn 1 0 0.01461792
vn 0.01359558 0.3637695 -0.9316406
vn 0.01359558 0.3637695 -0.9316406
vn 0.01358795 0.3637695 -0.9316406
vn 0.01358795 0.3637695 -0.9316406
vn 0.01359558 0.3637695 -0.9316406
vn 0.01359558 0.3637695 -0.9316406
vn 0.01359558 0.3635254 -0.9316406
vn 0.01359558 0.3635254 -0.9316406
vn 0.01358795 0.3635254 -0.9316406
vn 0.01358795 0.3635254 -0.9316406
vn 0.01359558 0.3635254 -0.9316406
vn 0.01359558 0.3635254 -0.9316406
vn -0.01359558 -0.3635254 0.9316406
vn -0.01359558 -0.3635254 0.9316406
vn -0.01359558 -0.3635254 0.9316406
vn -0.01359558 -0.3635254 0.9316406
vn -0.01359558 -0.3635254 0.9316406
vn -0.01359558 -0.3635254 0.9316406
vn -0.01359558 -0.3635254 0.9316406
vn -0.01359558 -0.3635254 0.9316406
vn -0.01358795 -0.3637695 0.9316406
vn -0.01358795 -0.3637695 0.9316406
vn -0.01357269 -0.3637695 0.9316406
vn -0.01357269 -0.3637695 0.9316406
vn 0.005306244 -0.9316406 -0.3635254
vn 0.005306244 -0.9316406 -0.3635254
vn 0.005306244 -0.9316406 -0.3635254
vn 0.005306244 -0.9316406 -0.3635254
vn 0.005306244 -0.9316406 -0.3635254
vn 0.005306244 -0.9316406 -0.3635254
vn 0.005313873 -0.9316406 -0.3635254
vn 0.005313873 -0.9316406 -0.3635254
vn 0.005306244 -0.9316406 -0.3635254
vn 0.005306244 -0.9316406 -0.3635254
vn 0.005306244 -0.9316406 -0.3635254
vn 0.005306244 -0.9316406 -0.3635254
vn 0.005306244 -0.9316406 -0.3635254
vn 0.005306244 -0.9316406 -0.3635254
vn 0.005306244 -0.9316406 -0.3635254
vn -0.006122589 0.9072266 0.420166
vn -0.006122589 0.9072266 0.420166
vn -0.006122589 0.9072266 0.420166
vn -0.006122589 0.9072266 0.420166
vn -0.006126404 0.9072266 0.420166
vn -0.006126404 0.9072266 0.420166
vn -0.006126404 0.9072266 0.420166
vn -0.006126404 0.9072266 0.420166
vn -0.006122589 0.9072266 0.420166
vn -0.006122589 0.9072266 0.420166
vn -0.006122589 0.9072266 0.420166
vn -0.006122589 0.9072266 0.420166
vn -0.006126404 0.9072266 0.420166
vn -0.006126404 0.9072266 0.420166
vn -0.006126404 0.9072266 0.420166
vn -0.006126404 0.9072266 0.420166
vn -0.006134033 0.9072266 0.420166
vn -0.006134033 0.9072266 0.420166
vn -0.006134033 0.9072266 0.420166
vn -0.006134033 0.9072266 0.420166
vn -0.887207 0 -0.4611816
vn -0.887207 0 -0.4611816
vn -0.887207 0 -0.4611816
vn -0.887207 0 -0.4611816
vn 0.9008789 0 -0.434082
vn 0.9008789 0 -0.434082
vn 0.9008789 0 -0.434082
vn 0.9008789 0 -0.434082
vn -0.01460266 0 1
vn -0.01460266 0 1
vn -0.01459503 0 1
vn -0.01459503 0 1
vn -0.0145874 0 1
vn -0.0145874 0 1
vn -0.01459503 0 1
vn -0.01459503 0 1
vn 0.0145874 0 -1
vn 0.0145874 0 -1
vn 0.01457977 0 -1
vn 0.0145874 0 -1
vn 0.01459503 0 -1
vn 0.01459503 0 -1
vn 0.01460266 0 -1
vn 0.01460266 0 -1
vn -1 0 -0.01438904
vn -1 0 -0.01448822
vn -1 0 -0.01448822
vn -1 0 -0.01438904
vn -1 0 -0.01457977
vn -1 0 -0.01457977
vn -1 0 -0.01454926
vn -1 0 -0.01454926
vn -1 0 -0.0144577
vn -1 0 -0.0144577
vn -1 0 -0.01438141
vn -1 0 -0.01438141
vn -0.01459503 0 1
vn -0.01459503 0 1
vn -0.01459503 0 1
vn -0.01459503 0 1
vn -0.01459503 0 1
vn -0.01459503 0 1
vn -0.01459503 0 1
vn -0.01459503 0 1
vn 1 0 0.01438141
vn 1 0 0.01448822
vn 1 0 0.01448822
vn 1 0 0.01438141
vn 1 0 0.01460266
vn 1 0 0.01460266
vn 1 0 0.01461792
vn 1 0 0.01461792
vn 1 0 0.01438141
vn 1 0 0.01438141
vn 1 0 0.01412964
vn 1 0 0.01412964
vn 0.0145874 0 -1
vn 0.0145874 0 -1
vn 0.01457977 0 -1
vn 0.01457977 0 -1
vn 0.0145874 0 -1
vn 0.0145874 0 -1
vn 0.0145874 0 -1
vn 0.0145874 0 -1
vn -0.3046875 -0.8691406 -0.3894043
vn -0.3046875 -0.8691406 -0.3894043
vn -0.3046875 -0.8691406 -0.3894043
vn -0.3046875 -0.8691406 -0.3894043
vn -0.1191406 0.9282227 0.3525391
vn -0.1279297 0.9272461 0.3525391
vn -0.1279297 0.9272461 0.3525391
vn -0.1191406 0.9282227 0.3525391
vn -0.1103516 0.9291992 0.3525391
vn -0.1103516 0.9291992 0.3525391
vn -0.00320816 0.9799805 0.199585
vn -0.004127502 0.9799805 0.1989746
vn -0.004127502 0.9799805 0.1989746
vn -0.00320816 0.9799805 0.199585
vn -0.002656937 0.9790039 0.2036133
vn -0.002656937 0.9790039 0.2036133
vn -0.003023148 0.9785156 0.2071533
vn -0.003023148 0.9785156 0.2071533
vn 0.2592773 -0.8603516 -0.4384766
vn 0.2592773 -0.8603516 -0.4384766
vn 0.2592773 -0.8603516 -0.4384766
vn 0.2592773 -0.8603516 -0.4384766
vn 0.1098022 0.9301758 0.3503418
vn 0.09191895 0.9321289 0.3505859
vn 0.09191895 0.9321289 0.3505859
vn 0.1098022 0.9301758 0.3503418
vn 0.07403564 0.9335938 0.3508301
vn 0.07403564 0.9335938 0.3508301
vn -0.00343132 0.972168 0.2351074
vn -0.00343132 0.972168 0.2351074
vn -0.005905151 0.9658203 0.2585449
vn -0.005905151 0.9658203 0.2585449
vn -0.002651215 0.9584961 0.2849121
vn -0.002651215 0.9584961 0.2849121
vn 0.003072739 0.9575195 0.2878418
vn 0.003072739 0.9575195 0.2878418
vn 1 0 0.01532745
vn 1 0 0.01494598
vn 1 0 0.01494598
vn 1 0 0.01532745
vn 1 0 0.01457977
vn 1 0 0.01457977
vn 1 0 0.01457977
vn 1 0 0.01457977
vn 1 0 0.01465607
vn 1 0 0.01465607
vn 1 0 0.01475525
vn 1 0 0.01475525
vn 0.01459503 0 -1
vn 0.01459503 0 -1
vn 0.01459503 0 -1
vn 0.01459503 0 -1
vn 0.0145874 0 -1
vn 0.0145874 0 -1
vn 0.01459503 0 -1
vn 0.01459503 0 -1
vn -1 0 -0.01532745
vn -1 0 -0.01494598
vn -1 0 -0.01494598
vn -1 0 -0.01532745
vn -1 0 -0.01457977
vn -1 0 -0.01457977
vn -1 0 -0.01457977
vn -1 0 -0.01457977
vn -1 0 -0.01465607
vn -1 0 -0.01465607
vn -1 0 -0.01475525
vn -1 0 -0.01475525
vn -0.01463318 0 1
vn -0.01463318 0 1
vn -0.01460266 0 1
vn -0.01460266 0 1
vn -0.01457214 0 1
vn -0.01457214 0 1
vn -0.01457214 0 1
vn -0.01457214 0 1
vn 0.01456451 0 -1
vn 0.01456451 0 -1
vn 0.01454926 0 -1
vn 0.01454926 0 -1
vn 0.01459503 0 -1
vn 0.01459503 0 -1
vn 0.0145874 0 -1
vn 0.0145874 0 -1
vn -0.9165039 -0.02172852 0.3999023
vn -0.9165039 -0.02172852 0.3999023
vn -0.9165039 -0.02172852 0.3999023
vn -0.9165039 -0.02172852 0.3999023
vn 1 -0.01381683 0.0145874
vn 1 -0.00933075 0.01459503
vn 1 -0.00933075 0.01459503
vn 1 -0.01381683 0.0145874
vn 0.9169922 -0.003887177 -0.3991699
vn 0.9169922 -0.003887177 -0.3991699
vn 0.9169922 -0.003887177 -0.3991699
vn 0.9169922 -0.003887177 -0.3991699
vn -0.9042969 -0.01501465 -0.4262695
vn -0.9042969 -0.01501465 -0.4262695
vn -0.9042969 -0.01501465 -0.4262695
vn -0.9042969 -0.01501465 -0.4262695
vn 0 -1 0
vn 0 -1 0
vn 0 -1 0
vn 0.008682251 -0.9990234 0.04226685
vn 0.00402832 -0.9990234 0.04260254
vn -0.01705933 -1 -0.000246048
vn -0.01766968 -0.9990234 0.04272461
vn -0.034729 -0.9985352 0.04244995
vn -0.03411865 -0.9995117 -0.0004920959
vn 0.01734924 -0.9960938 0.08447266
vn 0.008049011 -0.9960938 0.08514404
vn -0.01824951 -0.9960938 0.08563232
vn 0.01359558 -0.9960938 0.08605957
vn 0.02131653 -0.9960938 0.08532715
vn 0.03056335 -0.9975586 0.06298828
vn 0.01487732 -0.9995117 0.03356934
vn -0.009910583 -0.9990234 0.04199219
vn 0 -1 0
vn 0.02146912 -0.9995117 0.005550385
vn 0 -1 0
vn -0.01980591 -0.9960938 0.08392334
vn 0.04229736 -0.9985352 0.03445435
vn 0.06439209 -0.9975586 0.01663208
vn 0.06341553 -0.996582 0.05166626
vn 0 -1 0
vn 0 -1 0
vn 0 -1 0
vn 0 -1 0
vn 0 -1 0
vn 0.0004732609 -1 -0.02186584
vn 0.0006241798 -1 -0.02165222
vn 0.0009465218 -0.9990234 -0.04373169
vn 0.00124836 -0.9990234 -0.04327393
vn -0.0164032 -0.9990234 -0.04440308
vn -0.01673889 -0.9995117 -0.02232361
vn -0.001033783 -0.9995117 -0.02946472
vn 0.01553345 -0.9990234 -0.04394531
vn -0.01705933 -1 -0.0002524853
vn -0.03411865 -0.9995117 -0.0005049706
vn -0.03378296 -0.9990234 -0.02256775
vn -0.01705933 -1 -0.0002565384
vn -0.03411865 -0.9995117 -0.0005130768
vn 0.03210449 -0.9990234 -0.02139282
vn 0.03167725 -0.9990234 -0.02897644
vn 0.03225708 -0.9985352 -0.04324341
vn 0 -0.9990234 -0.04330444
vn 0 -1 -0.02165222
vn 0.0319519 -0.9995117 0.0004818439
vn 0.06390381 -0.9980469 0.0009632111
vn 0 -1 0
vn 0.02131653 -1 0.0003325939
vn 0.06390381 -0.9980469 0.0009975433
vn 0 -1 0
vn 0 -1 0
vn -0.01459503 0 1
vn -0.01459503 0 1
vn -0.01459503 0 1
vn -0.01459503 0 1
vn -0.0145874 0 1
vn -0.0145874 0 1
vn -0.01457977 0 1
vn -0.01457977 0 1
vn -0.03044128 0.9990234 -0.03085327
vn -0.0625 0.9970703 -0.04647827
vn -0.06323242 0.9980469 -0.0009236336
vn -0.01475525 1 -0.0002154112
vn 0.01754761 0.9990234 -0.04541016
vn 0.01689148 1 0.0002467632
vn 0.0006666183 0.9990234 -0.0456543
vn 0 1 0
vn -0.01335907 0.9956055 -0.09143066
vn -0.06167603 0.9936523 -0.09197998
vn 0.01815796 0.9956055 -0.09094238
vn 0.001331329 0.9956055 -0.09124756
vn -0.005924225 0.8022461 0.597168
vn -0.005924225 0.8022461 0.597168
vn 0.003053665 0.800293 0.5991211
vn 0.003053665 0.800293 0.5991211
vn -0.01490021 0.8037109 0.5952148
vn -0.01490021 0.8037109 0.5952148
vn 0.6464844 0.7084961 0.2832031
vn 0.6464844 0.7084961 0.2832031
vn 0.6464844 0.7084961 0.2832031
vn 0.6464844 0.7084961 0.2832031
vn 0.007148743 0.871582 -0.4899902
vn 0.007148743 0.871582 -0.4899902
vn 0.007148743 0.871582 -0.4899902
vn 0.007148743 0.871582 -0.4899902
vn -0.6362305 0.7177734 0.282959
vn -0.6362305 0.7177734 0.282959
vn -0.6362305 0.7177734 0.282959
vn -0.6362305 0.7177734 0.282959
vn 0.01009369 0.9370117 -0.3493652
vn 0.003404617 0.9365234 -0.3510742
vn 0.003404617 0.9365234 -0.3510742
vn 0.01009369 0.9370117 -0.3493652
vn -0.003286362 0.9355469 -0.3530273
vn -0.003286362 0.9355469 -0.3530273
vn -0.01040649 0.7011719 0.7128906
vn -0.01040649 0.7011719 0.7128906
vn -0.01040649 0.7011719 0.7128906
vn -0.01040649 0.7011719 0.7128906
vn -0.004253387 0.9990234 0.03872681
vn -0.01637268 0.9990234 0.0385437
vn -0.03271484 0.996582 0.07702637
vn -0.008499146 0.9970703 0.07745361
vn 0.003759384 0.9995117 0.03118896
vn 0.007514954 0.9980469 0.06234741
vn -0.0003423691 0.9995117 0.02346802
vn -0.0006847382 0.9990234 0.04693604
vn 0 1 0
vn 0 1 0
vn 0 1 0
vn 0 1 0
vn 0 1 0
vn 0 1 0
vn 0 1 0
vn 0 1 0
vn -0.02622986 0.9477539 0.3178711
vn -0.02622986 0.9477539 0.3178711
vn -0.02622986 0.9477539 0.3178711
vn -0.02622986 0.9477539 0.3178711
vn 0.546875 0.7929688 0.2687988
vn 0.546875 0.7929688 0.2687988
vn 0.546875 0.7929688 0.2687988
vn 0.546875 0.7929688 0.2687988
vn 0.4125977 -0.871582 -0.2641602
vn 0.4101563 -0.8666992 -0.2834473
vn 0.4101563 -0.8666992 -0.2834473
vn 0.4125977 -0.871582 -0.2641602
vn 0.4074707 -0.8618164 -0.3024902
vn 0.4074707 -0.8618164 -0.3024902
vn 1 0 0.01459503
vn 1 0 0.01454926
vn 1 0 0.01454926
vn 1 0 0.01459503
vn 1 0 0.01448822
vn 1 0 0.01448822
vn 1 0 0.0145874
vn 1 0 0.0145874
vn -1 0 -0.01457977
vn -1 0 -0.01457977
vn -1 0 -0.01457977
vn -1 0 -0.01457977
vn -1 0 -0.0145874
vn -1 0 -0.0145874
vn -1 0 -0.0145874
vn -1 0 -0.0145874
vn -0.4003906 -0.8544922 -0.3308105
vn -0.3969727 -0.8491211 -0.3481445
vn -0.3969727 -0.8491211 -0.3481445
vn -0.4003906 -0.8544922 -0.3308105
vn -0.4035645 -0.859375 -0.3134766
vn -0.4035645 -0.859375 -0.3134766
vn -0.5678711 0.7773438 0.2717285
vn -0.5678711 0.7773438 0.2717285
vn -0.5678711 0.7773438 0.2717285
vn -0.5678711 0.7773438 0.2717285
vn 0.06256104 0.934082 0.3513184
vn 0.01914978 0.9360352 0.3518066
vn 0.01914978 0.9360352 0.3518066
vn 0.06256104 0.934082 0.3513184
vn 0.1206055 0.9291992 0.3498535
vn 0.1206055 0.9291992 0.3498535
vn 0.1352539 0.9272461 0.3493652
vn 0.1352539 0.9272461 0.3493652
vn -0.2091064 0.8857422 0.4140625
vn -0.2159424 0.8842773 0.4135742
vn -0.2159424 0.8842773 0.4135742
vn -0.2091064 0.8857422 0.4140625
vn -0.2229004 0.8828125 0.4130859
vn -0.2229004 0.8828125 0.4130859
vn 0.3444824 0.8647461 0.3649902
vn 0.3444824 0.8647461 0.3649902
vn 0.3444824 0.8647461 0.3649902
vn 0.3444824 0.8647461 0.3649902
vn -0.3532715 -0.9042969 -0.2401123
vn -0.3532715 -0.9042969 -0.2401123
vn -0.3532715 -0.9042969 -0.2401123
vn -0.3532715 -0.9042969 -0.2401123
vn -0.7314453 0.652832 0.1975098
vn -0.7314453 0.652832 0.1975098
vn -0.7314453 0.652832 0.1975098
vn -0.7314453 0.652832 0.1975098
vn -0.5620117 0.7905273 0.2436523
vn -0.5620117 0.7905273 0.2436523
vn -0.5620117 0.7905273 0.2436523
vn -0.5620117 0.7905273 0.2436523
vn 0.4516602 0.8237305 0.3430176
vn 0.4516602 0.8237305 0.3430176
vn 0.4516602 0.8237305 0.3430176
vn 0.4516602 0.8237305 0.3430176
vn 0.3310547 -0.9086914 -0.2546387
vn 0.3310547 -0.9086914 -0.2546387
vn 0.3310547 -0.9086914 -0.2546387
vn 0.3310547 -0.9086914 -0.2546387
vn 0.9155273 0 0.4020996
vn 0.9155273 0 0.4020996
vn 0.9155273 0 0.4020996
vn 0.9155273 0 0.4020996
vn -0.9272461 0 0.3747559
vn -0.9272461 0 0.3747559
vn -0.9272461 0 0.3747559
vn -0.9272461 0 0.3747559
vn -0.267334 -0.9438477 -0.1949463
vn -0.267334 -0.9438477 -0.1949463
vn -0.267334 -0.9438477 -0.1949463
vn -0.267334 -0.9438477 -0.1949463
vn -0.4489746 0.8349609 0.3181152
vn -0.4489746 0.8349609 0.3181152
vn -0.4489746 0.8349609 0.3181152
vn -0.4489746 0.8349609 0.3181152
vn 0.7290039 0.6347656 0.2558594
vn 0.7290039 0.6347656 0.2558594
vn 0.7290039 0.6347656 0.2558594
vn 0.7290039 0.6347656 0.2558594
vn 0.359375 -0.8549805 -0.3745117
vn 0.359375 -0.8549805 -0.3745117
vn 0.359375 -0.8549805 -0.3745117
vn 0.359375 -0.8549805 -0.3745117
vn -0.04803467 -0.9990234 -0.0006680489
vn -0.04522705 -0.9985352 0.02563477
vn -0.02374268 -0.9995117 0.01812744
vn -0.01120758 -1 -0.0001468658
vn 0.01282501 -1 0.0001871586
vn 0.01282501 -1 0.0001871586
vn 0 -1 0
vn 0 -1 0
vn -0.03878784 -0.9990234 0.0229187
vn -0.04379272 -0.9980469 0.03878784
vn -0.03878784 -0.9990234 0.0229187
vn -0.02177429 -0.9980469 0.06256104
vn -0.01222992 -0.9990234 0.0411377
vn 0.006389618 -0.9941406 0.1087036
vn 0.01037598 -0.9941406 0.1090088
vn -0.001577377 -0.9941406 0.1080322
vn -0.001577377 -0.9941406 0.1080322
vn -0.001577377 -0.9941406 0.1080322
vn -0.01199341 -1 -0.00017488
vn -0.01199341 -1 -0.00017488
vn -0.05142212 -0.9985352 -0.0007500648
vn -0.05142212 -0.9985352 -0.0007500648
vn 0.01372528 -1 0.0002002716
vn 0.01372528 -1 0.0002002716
vn 0 -1 0
vn 0 -1 0
vn 0.009346008 -0.7680664 -0.640625
vn 0.009346008 -0.7680664 -0.640625
vn 0.009346008 -0.7680664 -0.640625
vn 0.009338379 -0.7680664 -0.640625
vn 0.009338379 -0.7680664 -0.640625
vn 0.001375198 -0.7363281 -0.6767578
vn 0.001375198 -0.7363281 -0.6767578
vn 0.009353638 -0.7680664 -0.640625
vn 0.006427765 -0.6958008 -0.7182617
vn 0.006427765 -0.6958008 -0.7182617
vn 0.01945496 -0.6884766 -0.7250977
vn 0.01945496 -0.6884766 -0.7250977
vn -0.9272461 0 0.3747559
vn -0.9272461 0 0.3747559
vn -0.9272461 0 0.3747559
vn -0.9272461 0 0.3747559
vn -0.9272461 0 0.3747559
vn -0.9272461 0 0.3747559
vn -1 0 -0.01457977
vn -1 0 -0.01461792
vn -1 0 -0.01460266
vn -1 0 -0.01457977
vn -1 0 -0.01457214
vn -1 0 -0.01457977
vn -1 0 -0.01460266
vn -1 0 -0.01459503
vn -1 0 -0.0145874
vn -1 0 -0.01457977
vn -1 0 -0.01457977
vn -1 0 -0.0145874
vn -0.887207 0 -0.4611816
vn -0.887207 0 -0.4611816
vn -0.887207 0 -0.4611816
vn -0.887207 0 -0.4611816
vn -0.887207 0 -0.4611816
vn -0.887207 0 -0.4611816
vn 0.01454926 0 -1
vn 0.01457214 0 -1
vn 0.01457214 0 -1
vn 0.01454926 0 -1
vn 0.01454926 0 -1
vn 0.01454926 0 -1
vn 0.9960938 0.04040527 -0.07879639
vn 0.9960938 0.04040527 -0.07879639
vn 0.9960938 0.04040527 -0.07879639
vn 0.9960938 0.04040527 -0.07879639
vn 0.0145874 0 -1
vn 0.0145874 0 -1
vn 0.01457977 0 -1
vn 0.01457977 0 -1
vn 0.01459503 0 -1
vn 0.01459503 0 -1
vn 0.01460266 0 -1
vn 0.01460266 0 -1
vn 0.0145874 0 -1
vn 0.01457977 0 -1
vn 0.01459503 0 -1
vn 0.01460266 0 -1
vn -0.9926758 0.05245972 -0.1083984
vn -0.9926758 0.05245972 -0.1083984
vn -0.9926758 0.05245972 -0.1083984
vn -0.9926758 0.05245972 -0.1083984
vn 0.01461029 0 -1
vn 0.01461029 0 -1
vn 0.01460266 0 -1
vn 0.01460266 0 -1
vn 0.01459503 0 -1
vn 0.01459503 0 -1
vn 0.9008789 0 -0.434082
vn 0.9008789 0 -0.434082
vn 0.9008789 0 -0.434082
vn 0.9008789 0 -0.434082
vn 0.9008789 0 -0.434082
vn 0.9008789 0 -0.434082
vn 1 0 0.01460266
vn 1 0 0.01460266
vn 1 0 0.01460266
vn 1 0 0.01459503
vn 1 0 0.01454163
vn 1 0 0.01454163
vn 1 0 0.01448822
vn 1 0 0.01448822
vn 1 0 0.01459503
vn 1 0 0.0145874
vn 1 0 0.01454926
vn 1 0 0.01448822
vn 0.9155273 0 0.4020996
vn 0.9155273 0 0.4020996
vn 0.9155273 0 0.4020996
vn 0.9155273 0 0.4020996
vn 0.9155273 0 0.4020996
vn 0.9155273 0 0.4020996
vn -0.01457977 0 1
vn -0.01457977 0 1
vn -0.01457977 0 1
vn -0.01457977 0 1
vn -0.01460266 0 1
vn -0.01460266 0 1
vn -0.9960938 0.03573608 0.07879639
vn -0.9960938 0.03573608 0.07879639
vn -0.9960938 0.03573608 0.07879639
vn -0.9960938 0.03573608 0.07879639
vn -0.01463318 0 1
vn -0.01461792 0 1
vn -0.01462555 0 1
vn -0.01463318 0 1
vn -0.01460266 0 1
vn -0.0145874 0 1
vn -0.01460266 0 1
vn -0.01460266 0 1
vn -0.01461029 0 1
vn -0.01461029 0 1
vn -0.01460266 0 1
vn -0.01459503 0 1
vn -0.01460266 0 1
vn -0.0145874 0 1
vn -0.01460266 0 1
vn -0.01459503 0 1
vn -0.01459503 0 1
vn -0.01461029 0 1
vn -0.01462555 0 1
vn -0.01092529 0 1
vn -0.01457214 0 1
vn -0.01215363 0 1
vn -0.01459503 0 1
vn -0.01097107 0 1
vn -0.01459503 0 1
vn -0.0145874 0 1
vn -0.01459503 0 1
vn -0.01460266 0 1
vn -0.01459503 0 1
vn -0.0145874 0 1
vn -0.01461029 0 1
vn -0.01461029 0 1
vn 0.9995117 0.0199585 0.01389313
vn 0.9995117 0.0199585 0.01389313
vn 1 0.0008230209 0.01424408
vn 1 0.0008230209 0.01424408
vn 1 -0.01381683 0.0145874
vn 1 -0.01381683 0.0145874
vn -0.0145874 0 1
vn -0.0145874 0 1
vn -0.01457977 0 1
vn -0.01457977 0 1
vn -0.01457214 0 1
vn -0.01457214 0 1
vn -0.01460266 0 1
vn -0.01459503 0 1
vn -0.01461029 0 1
vn -0.01460266 0 1
vn -0.01097107 0 1
vn -0.01092529 0 1
vn -0.01459503 0 1
vn -0.01461029 0 1
vn -0.01462555 0 1
vn -0.01463318 0 1
vn -0.01462555 0 1
vn -0.01463318 0 1
vn -0.01461792 0 1
vn -0.01215363 0 1
vn 0.9614258 -0.005886078 -0.2746582
vn 0.9614258 -0.005886078 -0.2746582
vn 0.9614258 -0.005886078 -0.2746582
vn 0.9614258 -0.005886078 -0.2746582
vn -0.9526367 -0.02456665 -0.3029785
vn -0.9526367 -0.02456665 -0.3029785
vn -0.9526367 -0.02456665 -0.3029785
vn -0.9526367 -0.02456665 -0.3029785
vn -0.9594727 -0.06268311 0.2749023
vn -0.9594727 -0.06268311 0.2749023
vn -0.9594727 -0.06268311 0.2749023
vn -0.9594727 -0.06268311 0.2749023
vn -1 -8.565187E-05 -0.01456451
vn -1 -8.565187E-05 -0.01456451
vn -1 -4.285574E-05 -0.0145874
vn -1 -4.285574E-05 -0.0145874
vn -1 0 -0.01460266
vn -1 0 -0.01460266
vn 0 1 0
vn 0 1 0
vn 0 1 0
vn 0 1 0
vn 0 1 0
vn 0 1 0
vn 0 -1 0
vn 0 -1 0
vn 0 -1 0
vn 0 -1 0
vn 0 -1 0
vn 0 -1 0
vn -0.01457977 0 1
vn -0.01457977 0 1
vn -0.0144577 0 1
vn -0.0144577 0 1
vn -0.0144577 0 1
vn -0.0144577 0 1
vn -0.01457977 0 1
vn -0.01457977 0 1
vn 0.01461792 0 -1
vn 0.01461792 0 -1
vn 0.01461029 0 -1
vn 0.01461029 0 -1
vn 0.01461029 0 -1
vn 0.01461029 0 -1
vn 0.01461792 0 -1
vn 0.01461792 0 -1
vn 0 1 0
vn 0 1 0
vn 0 1 0
vn 0 1 0
vn -1 0 -0.01461029
vn -1 0 -0.01461029
vn -1 0 -0.01461029
vn -1 0 -0.01461029
vn 0 -1 0
vn 0 -1 0
vn 0 -1 0
vn 0 -1 0
vn 1 0 0.01457977
vn 1 0 0.01457977
vn 1 0 0.01457977
vn 1 0 0.01457977
vn -0.847168 -0.53125 0.01000214
vn -0.847168 -0.53125 0.01000214
vn -0.8476563 -0.5307617 -0.004787445
vn -0.8476563 -0.5307617 -0.004787445
vn -0.8476563 -0.5302734 -0.01957703
vn -0.8476563 -0.5302734 -0.01957703
vn -0.5683594 0 0.8227539
vn -0.5683594 0 0.8227539
vn -0.5683594 0 0.8227539
vn -0.5683594 0 0.8227539
vn -0.8237305 0.5668945 -0.01799011
vn -0.8237305 0.5668945 -0.01799011
vn -0.8251953 0.5649414 -0.006000519
vn -0.8251953 0.5649414 -0.006000519
vn -0.8222656 0.5683594 -0.02996826
vn -0.8222656 0.5683594 -0.02996826
vn -0.543457 0 -0.8393555
vn -0.543457 0 -0.8393555
vn -0.543457 0 -0.8393555
vn -0.543457 0 -0.8393555
vn -0.7514648 0.6591797 -0.0115509
vn -0.7514648 0.6591797 -0.0115509
vn -0.7514648 0.6591797 -0.0115509
vn -0.7514648 0.6591797 -0.0115509
vn -0.01457977 0 1
vn -0.01457977 0 1
vn -0.01457977 0 1
vn 0.01457977 0 -1
vn 0.01457977 0 -1
vn 0.01457977 0 -1
vn -0.7519531 0.6591797 -0.01100159
vn -0.7519531 0.6591797 -0.01100159
vn -0.7519531 0.6591797 -0.01100159
vn -0.7519531 0.6591797 -0.01100159
vn -0.01457977 0 1
vn -0.01457977 0 1
vn -0.01457977 0 1
vn 0.01457977 0 -1
vn 0.01457977 0 -1
vn 0.01457977 0 -1
vn -0.7514648 0.6591797 -0.01100922
vn -0.7514648 0.6591797 -0.01100922
vn -0.7514648 0.6591797 -0.01100922
vn -0.7514648 0.6591797 -0.01100922
vn -0.01457977 0 1
vn -0.01457977 0 1
vn -0.01457977 0 1
vn 0.01457977 0 -1
vn 0.01457977 0 -1
vn 0.01457977 0 -1
vn -0.7519531 -0.6591797 -0.01100159
vn -0.7519531 -0.6591797 -0.01100159
vn -0.7519531 -0.6591797 -0.01100159
vn -0.7519531 -0.6591797 -0.01100159
vn -0.01457977 0 1
vn -0.01457977 0 1
vn -0.01457977 0 1
vn 0.01457977 0 -1
vn 0.01457977 0 -1
vn 0.01457977 0 -1
vn -0.7519531 -0.6591797 -0.01100159
vn -0.7519531 -0.6591797 -0.01100159
vn -0.7519531 -0.6591797 -0.01100159
vn -0.7519531 -0.6591797 -0.01100159
vn -0.01457977 0 1
vn -0.01457977 0 1
vn -0.01457977 0 1
vn 0.01457977 0 -1
vn 0.01457977 0 -1
vn 0.01457977 0 -1
vn -0.7514648 -0.6591797 -0.0115509
vn -0.7514648 -0.6591797 -0.0115509
vn -0.7514648 -0.6591797 -0.0115509
vn -0.7514648 -0.6591797 -0.0115509
vn -0.01457977 0 1
vn -0.01457977 0 1
vn -0.01457977 0 1
vn 0.01457977 0 -1
vn 0.01457977 0 -1
vn 0.01457977 0 -1
vn -0.7919922 0 -0.6103516
vn -0.7919922 0 -0.6103516
vn -0.7919922 0 -0.6103516
vn -0.7919922 0 -0.6103516
vn -0.6103516 0 0.7919922
vn -0.6103516 0 0.7919922
vn -0.6103516 0 0.7919922
vn -0.6103516 0 0.7919922
vn -0.6103516 0 0.7919922
vn -0.6103516 0 0.7919922
vn 0.7919922 0 0.6103516
vn 0.7919922 0 0.6103516
vn 0.7919922 0 0.6103516
vn 0.7919922 0 0.6103516
vn 0.6103516 0 -0.7919922
vn 0.6103516 0 -0.7919922
vn 0.6103516 0 -0.7919922
vn 0.6103516 0 -0.7919922
vn 0.6103516 0 -0.7919922
vn 0.6103516 0 -0.7919922
vn 0.5307617 -0.7421875 0.4091797
vn 0.5307617 -0.7421875 0.4091797
vn 0.5307617 -0.7421875 0.4091797
vn 0.5307617 -0.7421875 0.4091797
vn 0 1 0
vn 0 1 0
vn 0 1 0
vn 0 1 0
vn 0.6240234 0.6162109 0.480957
vn 0.6240234 0.6162109 0.480957
vn 0.6240234 0.6162109 0.480957
vn 0.6240234 0.6162109 0.480957
vn -0.6308594 -0.6049805 -0.4863281
vn -0.6308594 -0.6049805 -0.4863281
vn -0.6308594 -0.6049805 -0.4863281
vn -0.6308594 -0.6049805 -0.4863281
vn -0.7919922 0 -0.6103516
vn -0.7919922 0 -0.6103516
vn -0.7919922 0 -0.6103516
vn -0.7919922 0 -0.6103516
vn -0.6108398 0 0.7919922
vn -0.6108398 0 0.7919922
vn -0.6108398 0 0.7919922
vn -0.6108398 0 0.7919922
vn 0.7919922 0 0.6103516
vn 0.7919922 0 0.6103516
vn 0.7919922 0 0.6103516
vn 0.7919922 0 0.6103516
vn 0.6108398 0 -0.7919922
vn 0.6108398 0 -0.7919922
vn 0.6108398 0 -0.7919922
vn 0.6108398 0 -0.7919922
vn 0 -1 0
vn 0 -1 0
vn 0 -1 0
vn 0 -1 0
vn 0 1 0
vn 0 1 0
vn 0 1 0
vn 0 1 0
vn 0.7919922 0 0.6103516
vn 0.7919922 0 0.6103516
vn 0.7919922 0 0.6103516
vn 0.7919922 0 0.6103516
vn 0.3959961 0.8662109 0.3051758
vn 0.3959961 0.8662109 0.3051758
vn 0.3959961 0.8662109 0.3051758
vn 0.3959961 0.8662109 0.3051758
vn -0.3959961 0.8662109 -0.3051758
vn -0.3959961 0.8662109 -0.3051758
vn -0.3959961 0.8662109 -0.3051758
vn -0.3959961 0.8662109 -0.3051758
vn -0.7919922 0 -0.6103516
vn -0.7919922 0 -0.6103516
vn -0.7919922 0 -0.6103516
vn -0.7919922 0 -0.6103516
vn -0.3959961 -0.8662109 -0.3051758
vn -0.3959961 -0.8662109 -0.3051758
vn -0.3959961 -0.8662109 -0.3051758
vn -0.3959961 -0.8662109 -0.3051758
vn 0.3959961 -0.8662109 0.3051758
vn 0.3959961 -0.8662109 0.3051758
vn 0.3959961 -0.8662109 0.3051758
vn 0.3959961 -0.8662109 0.3051758
vn 0.6103516 0 -0.7919922
vn 0.6103516 0 -0.7919922
vn 0.6103516 0 -0.7919922
vn 0.6103516 0 -0.7919922
vn 0.6103516 0 -0.7919922
vn 0.6103516 0 -0.7919922
vn 0.6103516 0 -0.7919922
vn -0.6103516 0 0.7919922
vn -0.6103516 0 0.7919922
vn -0.6103516 0 0.7919922
vn -0.6103516 0 0.7919922
vn -0.6103516 0 0.7919922
vn -0.6103516 0 0.7919922
vn -0.6103516 0 0.7919922
vn 0.6103516 0 -0.7919922
vn 0.6103516 0 -0.7919922
vn 0.6103516 0 -0.7919922
vn 0.6103516 0 -0.7919922
vn 0.6103516 0 -0.7919922
vn 0.6103516 0 -0.7919922
vn 0.6103516 0 -0.7919922
vn 0.6103516 0 -0.7919922
vn 0.6103516 0 -0.7919922
vn 0.6103516 0 -0.7919922
vn 0.6103516 0 -0.7919922
vn 0.6103516 0 -0.7919922
vn -0.6103516 0 0.7919922
vn -0.6103516 0 0.7919922
vn -0.6103516 0 0.7919922
vn -0.6103516 0 0.7919922
vn -0.6103516 0 0.7919922
vn -0.6103516 0 0.7919922
vn -0.6103516 0 0.7919922
vn -0.6108398 0 0.7919922
vn -0.6103516 0 0.7919922
vn -0.6108398 0 0.7919922
vn -0.6103516 0 0.7919922
vn -0.6103516 0 0.7919922
vn -0.7919922 0 -0.6103516
vn -0.7919922 0 -0.6103516
vn -0.7919922 0 -0.6103516
vn -0.7919922 0 -0.6103516
vn -0.6103516 0 0.7919922
vn -0.6103516 0 0.7919922
vn -0.6103516 0 0.7919922
vn -0.6103516 0 0.7919922
vn -0.6103516 0 0.7919922
vn -0.6103516 0 0.7919922
vn 0.7919922 0 0.6103516
vn 0.7919922 0 0.6103516
vn 0.7919922 0 0.6103516
vn 0.7919922 0 0.6103516
vn 0.6103516 0 -0.7919922
vn 0.6103516 0 -0.7919922
vn 0.6103516 0 -0.7919922
vn 0.6103516 0 -0.7919922
vn 0.6103516 0 -0.7919922
vn 0.6103516 0 -0.7919922
vn 0.5307617 -0.7421875 0.4089355
vn 0.5307617 -0.7421875 0.4089355
vn 0.5307617 -0.7421875 0.4089355
vn 0.5307617 -0.7421875 0.4089355
vn 0 1 0
vn 0 1 0
vn 0 1 0
vn 0 1 0
vn 0.6240234 0.6162109 0.480957
vn 0.6240234 0.6162109 0.480957
vn 0.6240234 0.6162109 0.480957
vn 0.6240234 0.6162109 0.480957
vn -0.6308594 -0.6049805 -0.486084
vn -0.6308594 -0.6049805 -0.486084
vn -0.6308594 -0.6049805 -0.486084
vn -0.6308594 -0.6049805 -0.486084
vn -0.7919922 0 -0.6103516
vn -0.7919922 0 -0.6103516
vn -0.7919922 0 -0.6103516
vn -0.7919922 0 -0.6103516
vn -0.6108398 0 0.7919922
vn -0.6108398 0 0.7919922
vn -0.6108398 0 0.7919922
vn -0.6108398 0 0.7919922
vn 0.7919922 0 0.6103516
vn 0.7919922 0 0.6103516
vn 0.7919922 0 0.6103516
vn 0.7919922 0 0.6103516
vn 0.6098633 0 -0.7924805
vn 0.6098633 0 -0.7924805
vn 0.6098633 0 -0.7924805
vn 0.6098633 0 -0.7924805
vn 0 -1 0
vn 0 -1 0
vn 0 -1 0
vn 0 -1 0
vn 0 1 0
vn 0 1 0
vn 0 1 0
vn 0 1 0
vn 0.7919922 0 0.6108398
vn 0.7919922 0 0.6108398
vn 0.7919922 0 0.6108398
vn 0.7919922 0 0.6108398
vn 0.3959961 0.8662109 0.3051758
vn 0.3959961 0.8662109 0.3051758
vn 0.3959961 0.8662109 0.3051758
vn 0.3959961 0.8662109 0.3051758
vn -0.3959961 0.8662109 -0.3051758
vn -0.3959961 0.8662109 -0.3051758
vn -0.3959961 0.8662109 -0.3051758
vn -0.3959961 0.8662109 -0.3051758
vn -0.7919922 0 -0.6103516
vn -0.7919922 0 -0.6103516
vn -0.7919922 0 -0.6103516
vn -0.7919922 0 -0.6103516
vn -0.3959961 -0.8662109 -0.3051758
vn -0.3959961 -0.8662109 -0.3051758
vn -0.3959961 -0.8662109 -0.3051758
vn -0.3959961 -0.8662109 -0.3051758
vn 0.3959961 -0.8662109 0.3051758
vn 0.3959961 -0.8662109 0.3051758
vn 0.3959961 -0.8662109 0.3051758
vn 0.3959961 -0.8662109 0.3051758
vn 0.6103516 0 -0.7919922
vn 0.6103516 0 -0.7919922
vn 0.6103516 0 -0.7919922
vn 0.6103516 0 -0.7919922
vn 0.6103516 0 -0.7919922
vn 0.6103516 0 -0.7919922
vn 0.6103516 0 -0.7919922
vn -0.6103516 0 0.7919922
vn -0.6103516 0 0.7919922
vn -0.6103516 0 0.7919922
vn -0.6103516 0 0.7919922
vn -0.6103516 0 0.7919922
vn -0.6103516 0 0.7919922
vn -0.6103516 0 0.7919922
vn 0.6103516 0 -0.7919922
vn 0.6103516 0 -0.7919922
vn 0.6103516 0 -0.7919922
vn 0.6103516 0 -0.7919922
vn 0.6103516 0 -0.7919922
vn 0.6103516 0 -0.7919922
vn 0.6103516 0 -0.7919922
vn 0.6103516 0 -0.7919922
vn 0.6103516 0 -0.7919922
vn 0.6103516 0 -0.7919922
vn 0.6103516 0 -0.7919922
vn 0.6103516 0 -0.7919922
vn -0.6103516 0 0.7919922
vn -0.6103516 0 0.7919922
vn -0.6103516 0 0.7919922
vn -0.6103516 0 0.7919922
vn -0.6103516 0 0.7919922
vn -0.6103516 0 0.7919922
vn -0.6103516 0 0.7919922
vn -0.6103516 0 0.7919922
vn -0.6103516 0 0.7919922
vn -0.6103516 0 0.7919922
vn -0.6103516 0 0.7919922
vn -0.6103516 0 0.7919922
vn 0.4104004 0 -0.9116211
vn 0.4104004 0 -0.9116211
vn 0.4104004 0 -0.9116211
vn 0.4104004 0 -0.9116211
vn -0.9121094 0 -0.4104004
vn -0.9121094 0 -0.4104004
vn -0.9121094 0 -0.4104004
vn -0.9121094 0 -0.4104004
vn -0.9121094 0 -0.4104004
vn -0.9121094 0 -0.4104004
vn -0.4104004 0 0.9121094
vn -0.4104004 0 0.9121094
vn -0.4104004 0 0.9121094
vn -0.4104004 0 0.9121094
vn 0.9121094 0 0.4104004
vn 0.9121094 0 0.4104004
vn 0.9121094 0 0.4104004
vn 0.9121094 0 0.4104004
vn 0.9121094 0 0.4104004
vn 0.9121094 0 0.4104004
vn -0.2749023 -0.7421875 0.6113281
vn -0.2749023 -0.7421875 0.6113281
vn -0.2749023 -0.7421875 0.6113281
vn -0.2749023 -0.7421875 0.6113281
vn 0 1 0
vn 0 1 0
vn 0 1 0
vn 0 1 0
vn -0.3232422 0.6162109 0.7182617
vn -0.3232422 0.6162109 0.7182617
vn -0.3232422 0.6162109 0.7182617
vn -0.3232422 0.6162109 0.7182617
vn 0.3269043 -0.6049805 -0.7260742
vn 0.3269043 -0.6049805 -0.7260742
vn 0.3269043 -0.6049805 -0.7260742
vn 0.3269043 -0.6049805 -0.7260742
vn 0.4104004 0 -0.9121094
vn 0.4104004 0 -0.9121094
vn 0.4104004 0 -0.9121094
vn 0.4104004 0 -0.9121094
vn -0.9121094 0 -0.4101563
vn -0.9121094 0 -0.4101563
vn -0.9121094 0 -0.4101563
vn -0.9121094 0 -0.4101563
vn -0.4104004 0 0.9121094
vn -0.4104004 0 0.9121094
vn -0.4104004 0 0.9121094
vn -0.4104004 0 0.9121094
vn 0.9116211 0 0.4106445
vn 0.9116211 0 0.4106445
vn 0.9116211 0 0.4106445
vn 0.9116211 0 0.4106445
vn 0 -1 0
vn 0 -1 0
vn 0 -1 0
vn 0 -1 0
vn 0 1 0
vn 0 1 0
vn 0 1 0
vn 0 1 0
vn -0.4106445 0 0.9116211
vn -0.4106445 0 0.9116211
vn -0.4106445 0 0.9116211
vn -0.4106445 0 0.9116211
vn -0.2052002 0.8662109 0.4558105
vn -0.2052002 0.8662109 0.4558105
vn -0.2052002 0.8662109 0.4558105
vn -0.2052002 0.8662109 0.4558105
vn 0.2052002 0.8662109 -0.4560547
vn 0.2052002 0.8662109 -0.4560547
vn 0.2052002 0.8662109 -0.4560547
vn 0.2052002 0.8662109 -0.4560547
vn 0.4104004 0 -0.9121094
vn 0.4104004 0 -0.9121094
vn 0.4104004 0 -0.9121094
vn 0.4104004 0 -0.9121094
vn 0.2052002 -0.8662109 -0.4560547
vn 0.2052002 -0.8662109 -0.4560547
vn 0.2052002 -0.8662109 -0.4560547
vn 0.2052002 -0.8662109 -0.4560547
vn -0.2052002 -0.8662109 0.4558105
vn -0.2052002 -0.8662109 0.4558105
vn -0.2052002 -0.8662109 0.4558105
vn -0.2052002 -0.8662109 0.4558105
vn 0.9116211 0 0.4106445
vn 0.9121094 0 0.4104004
vn 0.9116211 0 0.4106445
vn 0.9116211 0 0.4104004
vn 0.9121094 0 0.4104004
vn 0.9121094 0 0.4104004
vn 0.9116211 0 0.4104004
vn -0.9121094 0 -0.4104004
vn -0.9121094 0 -0.4104004
vn -0.9121094 0 -0.4104004
vn -0.9121094 0 -0.4104004
vn -0.9121094 0 -0.4104004
vn -0.9121094 0 -0.4104004
vn -0.9121094 0 -0.4104004
vn 0.9116211 0 0.4106445
vn 0.9116211 0 0.4106445
vn 0.9116211 0 0.4106445
vn 0.9116211 0 0.4106445
vn 0.9116211 0 0.4106445
vn 0.9116211 0 0.4104004
vn 0.9116211 0 0.4106445
vn 0.9121094 0 0.4104004
vn 0.9116211 0 0.4106445
vn 0.9121094 0 0.4104004
vn 0.9116211 0 0.4106445
vn 0.9116211 0 0.4104004
vn -0.9121094 0 -0.4101563
vn -0.9121094 0 -0.4104004
vn -0.9121094 0 -0.4104004
vn -0.9121094 0 -0.4101563
vn -0.9121094 0 -0.4104004
vn -0.9121094 0 -0.4104004
vn -0.9121094 0 -0.4104004
vn -0.9121094 0 -0.4104004
vn -0.9121094 0 -0.4104004
vn -0.9121094 0 -0.4104004
vn -0.9121094 0 -0.4104004
vn -0.9121094 0 -0.4104004
vn -0.4245605 0 0.9052734
vn -0.4245605 0 0.9052734
vn -0.4245605 0 0.9052734
vn -0.4245605 0 0.9052734
vn 0.9052734 0 0.4245605
vn 0.9052734 0 0.4245605
vn 0.9052734 0 0.4245605
vn 0.9052734 0 0.4245605
vn 0.9052734 0 0.4245605
vn 0.9052734 0 0.4245605
vn 0.4245605 0 -0.9052734
vn 0.4245605 0 -0.9052734
vn 0.4245605 0 -0.9052734
vn 0.4245605 0 -0.9052734
vn -0.9052734 0 -0.4245605
vn -0.9052734 0 -0.4245605
vn -0.9052734 0 -0.4245605
vn -0.9052734 0 -0.4245605
vn -0.9052734 0 -0.4245605
vn -0.9052734 0 -0.4245605
vn 0.2844238 -0.7421875 -0.6069336
vn 0.2844238 -0.7421875 -0.6069336
vn 0.2844238 -0.7421875 -0.6069336
vn 0.2844238 -0.7421875 -0.6069336
vn 0 1 0
vn 0 1 0
vn 0 1 0
vn 0 1 0
vn 0.3344727 0.6162109 -0.7133789
vn 0.3344727 0.6162109 -0.7133789
vn 0.3344727 0.6162109 -0.7133789
vn 0.3344727 0.6162109 -0.7133789
vn -0.3381348 -0.6049805 0.7211914
vn -0.3381348 -0.6049805 0.7211914
vn -0.3381348 -0.6049805 0.7211914
vn -0.3381348 -0.6049805 0.7211914
vn -0.4245605 0 0.9052734
vn -0.4245605 0 0.9052734
vn -0.4245605 0 0.9052734
vn -0.4245605 0 0.9052734
vn 0.9057617 0 0.4240723
vn 0.9057617 0 0.4240723
vn 0.9057617 0 0.4240723
vn 0.9057617 0 0.4240723
vn 0.4245605 0 -0.9052734
vn 0.4245605 0 -0.9052734
vn 0.4245605 0 -0.9052734
vn 0.4245605 0 -0.9052734
vn -0.9052734 0 -0.4243164
vn -0.9052734 0 -0.4243164
vn -0.9052734 0 -0.4243164
vn -0.9052734 0 -0.4243164
vn 0 -1 0
vn 0 -1 0
vn 0 -1 0
vn 0 -1 0
vn 0 1 0
vn 0 1 0
vn 0 1 0
vn 0 1 0
vn 0.4245605 0 -0.9052734
vn 0.4245605 0 -0.9052734
vn 0.4245605 0 -0.9052734
vn 0.4245605 0 -0.9052734
vn 0.2122803 0.8662109 -0.4526367
vn 0.2122803 0.8662109 -0.4526367
vn 0.2122803 0.8662109 -0.4526367
vn 0.2122803 0.8662109 -0.4526367
vn -0.2122803 0.8662109 0.4526367
vn -0.2122803 0.8662109 0.4526367
vn -0.2122803 0.8662109 0.4526367
vn -0.2122803 0.8662109 0.4526367
vn -0.4245605 0 0.9052734
vn -0.4245605 0 0.9052734
vn -0.4245605 0 0.9052734
vn -0.4245605 0 0.9052734
vn -0.2122803 -0.8662109 0.4526367
vn -0.2122803 -0.8662109 0.4526367
vn -0.2122803 -0.8662109 0.4526367
vn -0.2122803 -0.8662109 0.4526367
vn 0.2122803 -0.8662109 -0.4526367
vn 0.2122803 -0.8662109 -0.4526367
vn 0.2122803 -0.8662109 -0.4526367
vn 0.2122803 -0.8662109 -0.4526367
vn -0.9052734 0 -0.4245605
vn -0.9052734 0 -0.4245605
vn -0.9052734 0 -0.4245605
vn -0.9052734 0 -0.4245605
vn -0.9052734 0 -0.4245605
vn -0.9052734 0 -0.4245605
vn -0.9052734 0 -0.4245605
vn 0.9052734 0 0.4245605
vn 0.9052734 0 0.4245605
vn 0.9052734 0 0.4243164
vn 0.9052734 0 0.4245605
vn 0.9052734 0 0.4245605
vn 0.9052734 0 0.4245605
vn 0.9052734 0 0.4245605
vn -0.9052734 0 -0.4245605
vn -0.9052734 0 -0.4245605
vn -0.9052734 0 -0.4245605
vn -0.9052734 0 -0.4245605
vn -0.9052734 0 -0.4245605
vn -0.9052734 0 -0.4245605
vn -0.9052734 0 -0.4245605
vn -0.9052734 0 -0.4245605
vn -0.9052734 0 -0.4245605
vn -0.9052734 0 -0.4245605
vn -0.9052734 0 -0.4245605
vn -0.9052734 0 -0.4245605
vn 0.9052734 0 0.4245605
vn 0.9052734 0 0.4245605
vn 0.9052734 0 0.4243164
vn 0.9052734 0 0.4243164
vn 0.9052734 0 0.4245605
vn 0.9052734 0 0.4245605
vn 0.9052734 0 0.4245605
vn 0.9052734 0 0.4248047
vn 0.9052734 0 0.4245605
vn 0.9052734 0 0.4248047
vn 0.9052734 0 0.4245605
vn 0.9052734 0 0.4245605
vn -1 0 -0.0147171
vn -1 0 -0.01480865
vn -1 0 -0.01480865
vn -1 0 -0.0147171
vn -1 0 -0.01461792
vn -1 0 -0.01461792
vn 0 1 0
vn 0 1 0
vn 0 1 0
vn 0 1 0
vn 1 0 0.01480865
vn 1 0 0.0147171
vn 1 0 0.0147171
vn 1 0 0.01480865
vn 1 0 0.01461792
vn 1 0 0.01461792
vn 0 -1 0
vn 0 -1 0
vn 0 -1 0
vn 0 -1 0
vn -0.01463318 0 1
vn -0.01463318 0 1
vn -0.01463318 0 1
vn -0.01463318 0 1
vn 0.01463318 0 -1
vn 0.01463318 0 -1
vn 0.01463318 0 -1
vn 0.01463318 0 -1
vn -0.0136261 -0.3637695 0.9316406
vn -0.0136261 -0.3637695 0.9316406
vn -0.0136261 -0.3637695 0.9316406
vn -0.0136261 -0.3637695 0.9316406
vn 0.0136261 -0.3637695 -0.9316406
vn 0.0136261 -0.3637695 -0.9316406
vn 0.0136261 -0.3637695 -0.9316406
vn 0.0136261 -0.3637695 -0.9316406
vn -1 0 -0.0147171
vn -1 0 -0.01480865
vn -1 0 -0.01480865
vn -1 0 -0.0147171
vn -1 0 -0.01461792
vn -1 0 -0.01461792
vn 0 1 0
vn 0 1 0
vn 0 1 0
vn 0 1 0
vn 1 0 0.01438904
vn 1 0 0.01450348
vn 1 0 0.01450348
vn 1 0 0.01438904
vn 1 0 0.01461792
vn 1 0 0.01461792
vn 0 -1 0
vn 0 -1 0
vn 0 -1 0
vn 0 -1 0
vn -0.01461792 0 1
vn -0.01461792 0 1
vn -0.01461792 0 1
vn -0.01461792 0 1
vn 0.01462555 0 -1
vn 0.01462555 0 -1
vn 0.01462555 0 -1
vn 0.01462555 0 -1
vn -0.01361847 -0.3637695 0.9316406
vn -0.01361847 -0.3637695 0.9316406
vn -0.01361847 -0.3637695 0.9316406
vn -0.01361847 -0.3637695 0.9316406
vn 0.01350403 -0.3637695 -0.9311523
vn 0.01350403 -0.3637695 -0.9311523
vn 0.01350403 -0.3637695 -0.9311523
vn 0.01350403 -0.3637695 -0.9311523
vn 0 1 0
vn 0 1 0
vn 0 1 0
vn 0 1 0
vn 0.01263428 0.5 -0.8657227
vn 0.01263428 0.5 -0.8657227
vn 0.01263428 0.5 -0.8657227
vn 0.01263428 0.5 -0.8657227
vn 0.01263428 -0.5 -0.8657227
vn 0.01263428 -0.5 -0.8657227
vn 0.01263428 -0.5 -0.8657227
vn 0.01263428 -0.5 -0.8657227
vn 0 -1 0
vn 0 -1 0
vn 0 -1 0
vn 0 -1 0
vn -0.01263428 -0.5 0.8662109
vn -0.01263428 -0.5 0.8662109
vn -0.01263428 -0.5 0.8662109
vn -0.01263428 -0.5 0.8662109
vn -0.01263428 0.5 0.8662109
vn -0.01263428 0.5 0.8662109
vn -0.01263428 0.5 0.8662109
vn -0.01263428 0.5 0.8662109
vn 1 0 0
vn 1 0 0
vn 1 0 0
vn 1 0 0
vn 1 0 0
vn 1 0 0
vn 1 0 0
vn -1 0 0
vn -1 0 0
vn -1 0 0
vn -1 0 0
vn -1 0 0
vn -1 0 0
vn -1 0 0
vn -1 0 -0.01450348
vn -1 0 -0.01438904
vn -1 0 -0.01438904
vn -1 0 -0.01450348
vn -1 0 -0.01461792
vn -1 0 -0.01461792
vn 0 -1 0
vn 0 -1 0
vn 0 -1 0
vn 0 -1 0
vn 1 0 0.01438904
vn 1 0 0.01450348
vn 1 0 0.01450348
vn 1 0 0.01438904
vn 1 0 0.01461792
vn 1 0 0.01461792
vn 0 1 0
vn 0 1 0
vn 0 1 0
vn 0 1 0
vn 0.01463318 0 -1
vn 0.01463318 0 -1
vn 0.01463318 0 -1
vn 0.01463318 0 -1
vn -0.01463318 0 1
vn -0.01463318 0 1
vn -0.01463318 0 1
vn -0.01463318 0 1
vn 0.01432037 0.1595459 -0.9873047
vn 0.01432037 0.1595459 -0.9873047
vn 0.01432037 0.1595459 -0.9873047
vn 0.01432037 0.1595459 -0.9873047
vn -0.01444244 0.1594238 0.9873047
vn -0.01444244 0.1594238 0.9873047
vn -0.01444244 0.1594238 0.9873047
vn -0.01444244 0.1594238 0.9873047
vn -1 0 -0.01450348
vn -1 0 -0.01438904
vn -1 0 -0.01438904
vn -1 0 -0.01450348
vn -1 0 -0.01461792
vn -1 0 -0.01461792
vn 0 -1 0
vn 0 -1 0
vn 0 -1 0
vn 0 -1 0
vn 1 0 0.01438904
vn 1 0 0.01450348
vn 1 0 0.01450348
vn 1 0 0.01438904
vn 1 0 0.01461792
vn 1 0 0.01461792
vn 0 1 0
vn 0 1 0
vn 0 1 0
vn 0 1 0
vn 0.01463318 0 -1
vn 0.01463318 0 -1
vn 0.01463318 0 -1
vn 0.01463318 0 -1
vn -0.01463318 0 1
vn -0.01463318 0 1
vn -0.01463318 0 1
vn -0.01463318 0 1
vn 0.01432037 0.1595459 -0.9873047
vn 0.01432037 0.1595459 -0.9873047
vn 0.01432037 0.1595459 -0.9873047
vn 0.01432037 0.1595459 -0.9873047
vn -0.01444244 0.1594238 0.9873047
vn -0.01444244 0.1594238 0.9873047
vn -0.01444244 0.1594238 0.9873047
vn -0.01444244 0.1594238 0.9873047
vn 0.01695251 -1 0.0002439022
vn -0.004116058 -1 -6.657839E-05
vn -0.004116058 -1 -6.657839E-05
vn 0.01695251 -1 0.0002439022
vn -0.004520416 -1 -0.0001885891
vn -0.004520416 -1 -0.0001885891
vn 0.01615906 -1 0
vn 0.01615906 -1 0
vn 0.009254456 -0.5 0.8657227
vn -0.01400757 -0.5 0.8657227
vn -0.01400757 -0.5 0.8657227
vn 0.009254456 -0.5 0.8657227
vn -0.0209198 -0.5 0.8657227
vn -0.0209198 -0.5 0.8657227
vn -0.004554749 -0.5 0.8657227
vn -0.004554749 -0.5 0.8657227
vn -0.007709503 0.5 0.8657227
vn -0.009895325 0.5 0.8657227
vn -0.009895325 0.5 0.8657227
vn -0.007709503 0.5 0.8657227
vn -0.01638794 0.5 0.8657227
vn -0.01638794 0.5 0.8657227
vn -0.02072144 0.5 0.8657227
vn -0.02072144 0.5 0.8657227
vn -0.01695251 1 -0.0002439022
vn 0.004116058 1 6.657839E-05
vn 0.004116058 1 6.657839E-05
vn -0.01695251 1 -0.0002439022
vn 0.004520416 1 0.0001885891
vn 0.004520416 1 0.0001885891
vn -0.01615906 1 0
vn -0.01615906 1 0
vn -0.009246826 0.5 -0.8662109
vn 0.01400757 0.5 -0.8657227
vn 0.01400757 0.5 -0.8657227
vn -0.009246826 0.5 -0.8662109
vn 0.0209198 0.5 -0.8657227
vn 0.0209198 0.5 -0.8657227
vn 0.004562378 0.5 -0.8662109
vn 0.004562378 0.5 -0.8662109
vn 0.007713318 -0.5 -0.8662109
vn 0.009887695 -0.5 -0.8657227
vn 0.009887695 -0.5 -0.8657227
vn 0.007713318 -0.5 -0.8662109
vn 0.01638794 -0.5 -0.8657227
vn 0.01638794 -0.5 -0.8657227
vn 0.02072144 -0.5 -0.8657227
vn 0.02072144 -0.5 -0.8657227
vn 1 0 0
vn 1 0 0
vn 1 0 0
vn 1 0 0
vn 1 0 0
vn 1 0 0
vn 1 0 0
vn -1 0 0
vn -1 0 0
vn -1 0 0
vn -1 0 0
vn -1 0 0
vn -1 0 0
vn -1 0 0
vn 1 0 0.01459503
vn 1 0 0.0145874
vn 1 0 0.0145874
vn 1 0 0.01459503
vn 1 0 0.01457214
vn 1 0 0.01457214
vn 0 1 0
vn 0 1 0
vn 0 1 0
vn 0 1 0
vn 0 1 0
vn 0 1 0
vn 0 -1 0
vn 0 -1 0
vn 0 -1 0
vn 0 -1 0
vn 0 -1 0
vn 0 -1 0
vn -0.0145874 0 1
vn -0.01459503 0 1
vn -0.01459503 0 1
vn -0.0145874 0 1
vn -0.01459503 0 1
vn -0.01459503 0 1
vn -0.0145874 0 1
vn -0.0145874 0 1
vn 0.0145874 0 -1
vn 0.01457214 0 -1
vn 0.01457214 0 -1
vn 0.0145874 0 -1
vn 0.01457214 0 -1
vn 0.01457214 0 -1
vn 0.0145874 0 -1
vn 0.0145874 0 -1
vn 0 1 0
vn 0 1 0
vn 0 1 0
vn 0 1 0
vn 1 0 0.01461029
vn 1 0 0.01461029
vn 1 0 0.01461029
vn 1 0 0.01461029
vn 0 -1 0
vn 0 -1 0
vn 0 -1 0
vn 0 -1 0
vn -1 0 -0.01457977
vn -1 0 -0.01457977
vn -1 0 -0.01457977
vn -1 0 -0.01457977
vn 0.8466797 -0.53125 0.03475952
vn 0.847168 -0.5307617 0.0199585
vn 0.847168 -0.5307617 0.0199585
vn 0.8466797 -0.53125 0.03475952
vn 0.8476563 -0.5307617 0.005157471
vn 0.8476563 -0.5307617 0.005157471
vn 0.543457 0 0.8393555
vn 0.543457 0 0.8393555
vn 0.543457 0 0.8393555
vn 0.543457 0 0.8393555
vn 0.8237305 0.5668945 0.006061554
vn 0.8251953 0.5644531 0.01808167
vn 0.8251953 0.5644531 0.01808167
vn 0.8237305 0.5668945 0.006061554
vn 0.8227539 0.5688477 -0.005966187
vn 0.8227539 0.5688477 -0.005966187
vn 0.5683594 0 -0.8227539
vn 0.5683594 0 -0.8227539
vn 0.5683594 0 -0.8227539
vn 0.5683594 0 -0.8227539
vn 0.7514648 0.6591797 0.0115509
vn 0.7514648 0.6591797 0.0115509
vn 0.7514648 0.6591797 0.0115509
vn 0.7514648 0.6591797 0.0115509
vn -0.01457977 0 1
vn -0.01457977 0 1
vn -0.01457977 0 1
vn 0.01457977 0 -1
vn 0.01457977 0 -1
vn 0.01457977 0 -1
vn 0.7519531 0.6591797 0.01100159
vn 0.7519531 0.6591797 0.01100159
vn 0.7519531 0.6591797 0.01100159
vn 0.7519531 0.6591797 0.01100159
vn -0.01464844 0 1
vn -0.01464844 0 1
vn -0.01464844 0 1
vn 0.01457977 0 -1
vn 0.01457977 0 -1
vn 0.01457977 0 -1
vn 0.7514648 0.6591797 0.01100922
vn 0.7514648 0.6591797 0.01100922
vn 0.7514648 0.6591797 0.01100922
vn 0.7514648 0.6591797 0.01100922
vn -0.01457977 0 1
vn -0.01457977 0 1
vn -0.01457977 0 1
vn 0.01457977 0 -1
vn 0.01457977 0 -1
vn 0.01457977 0 -1
vn 0.7514648 -0.6591797 0.0115509
vn 0.7514648 -0.6591797 0.0115509
vn 0.7514648 -0.6591797 0.0115509
vn 0.7514648 -0.6591797 0.0115509
vn -0.01457977 0 1
vn -0.01457977 0 1
vn -0.01457977 0 1
vn 0.01457977 0 -1
vn 0.01457977 0 -1
vn 0.01457977 0 -1
vn 0.7519531 -0.6591797 0.01100159
vn 0.7519531 -0.6591797 0.01100159
vn 0.7519531 -0.6591797 0.01100159
vn 0.7519531 -0.6591797 0.01100159
vn -0.01464844 0 1
vn -0.01464844 0 1
vn -0.01464844 0 1
vn 0.01457977 0 -1
vn 0.01457977 0 -1
vn 0.01457977 0 -1
vn 0.7514648 -0.6591797 0.0115509
vn 0.7514648 -0.6591797 0.0115509
vn 0.7514648 -0.6591797 0.0115509
vn 0.7514648 -0.6591797 0.0115509
vn -0.01457977 0 1
vn -0.01457977 0 1
vn -0.01457977 0 1
vn 0.01457977 0 -1
vn 0.01457977 0 -1
vn 0.01457977 0 -1

vt 0.07647705 0.01081848
vt 0.07647705 0.01081848
vt 0.07647705 0.01081848
vt 0.07647705 0.01081848
vt 0.07647705 0.01081848
vt 0.07647705 0.01081848
vt 0.07647705 0.01081848
vt 0.07647705 0.01081848
vt 0.07647705 0.01081848
vt 0.07647705 0.01081848
vt 0.07647705 0.01081848
vt 0.07647705 0.01081848
vt 0.07647705 0.01081848
vt 0.07647705 0.01081848
vt 0.07647705 0.01081848
vt 0.07647705 0.01081848
vt 0.07647705 0.01081848
vt 0.07647705 0.01081848
vt 0.07647705 0.01081848
vt 0.07647705 0.01081848
vt 0.07647705 0.01081848
vt 0.07647705 0.01081848
vt 0.07647705 0.01081848
vt 0.07647705 0.01081848
vt 0.07647705 0.01081848
vt 0.07647705 0.01081848
vt 0.07647705 0.01081848
vt 0.07647705 0.01081848
vt 0.07647705 0.01081848
vt 0.07647705 0.01081848
vt 0.07647705 0.01081848
vt 0.07647705 0.01081848
vt 0.07647705 0.01081848
vt 0.07647705 0.01081848
vt 0.07647705 0.01081848
vt 0.07647705 0.01081848
vt 0.07647705 0.01081848
vt 0.07647705 0.01081848
vt 0.07647705 0.01081848
vt 0.07647705 0.01081848
vt 0.07647705 0.01081848
vt 0.07647705 0.01081848
vt 0.07647705 0.01081848
vt 0.07647705 0.01081848
vt 0.07647705 0.01081848
vt 0.07647705 0.01081848
vt 0.07647705 0.01081848
vt 0.07647705 0.01081848
vt 0.07647705 0.01081848
vt 0.07647705 0.01081848
vt 0.07647705 0.01081848
vt 0.07647705 0.01081848
vt 0.07647705 0.01081848
vt 0.07647705 0.01081848
vt 0.07647705 0.01081848
vt 0.07647705 0.01081848
vt 0.07647705 0.01081848
vt 0.07647705 0.01081848
vt 0.07647705 0.01081848
vt 0.07647705 0.01081848
vt 0.07647705 0.01081848
vt 0.07647705 0.01081848
vt 0.07647705 0.01081848
vt 0.07647705 0.01081848
vt 0.07647705 0.01081848
vt 0.07647705 0.01081848
vt 0.07647705 0.01081848
vt 0.07647705 0.01081848
vt 0.07647705 0.01081848
vt 0.07647705 0.01081848
vt 0.07647705 0.01081848
vt 0.07647705 0.01081848
vt 0.07647705 0.01081848
vt 0.07647705 0.01081848
vt 0.07647705 0.01081848
vt 0.07647705 0.01081848
vt 0.07647705 0.01081848
vt 0.07647705 0.01081848
vt 0.07647705 0.01081848
vt 0.07647705 0.01081848
vt 0.07647705 0.01081848
vt 0.07647705 0.01081848
vt 0.07647705 0.01081848
vt 0.07647705 0.01081848
vt 0.07647705 0.01081848
vt 0.07647705 0.01081848
vt 0.07647705 0.01081848
vt 0.07647705 0.01081848
vt 0.07647705 0.01081848
vt 0.07647705 0.01081848
vt 0.07647705 0.01081848
vt 0.07647705 0.01081848
vt 0.07647705 0.01081848
vt 0.07647705 0.01081848
vt 0.07647705 0.01081848
vt 0.07647705 0.01081848
vt 0.07647705 0.01081848
vt 0.07647705 0.01081848
vt 0.07647705 0.01081848
vt 0.07647705 0.01081848
vt 0.07647705 0.01081848
vt 0.07647705 0.01081848
vt 0.07647705 0.01081848
vt 0.07647705 0.01081848
vt 0.07647705 0.01081848
vt 0.07647705 0.01081848
vt 0.07647705 0.01081848
vt 0.07647705 0.01081848
vt 0.07647705 0.01081848
vt 0.07647705 0.01081848
vt 0.07647705 0.01081848
vt 0.07647705 0.01081848
vt 0.07647705 0.01081848
vt 0.07647705 0.01081848
vt 0.07647705 0.01081848
vt 0.07647705 0.01081848
vt 0.07647705 0.01081848
vt 0.07647705 0.01081848
vt 0.07647705 0.01081848
vt 0.07647705 0.01081848
vt 0.07647705 0.01081848
vt 0.07647705 0.01081848
vt 0.07647705 0.01081848
vt 0.07647705 0.01081848
vt 0.07647705 0.01081848
vt 0.07647705 0.01081848
vt 0.07647705 0.01081848
vt 0.07647705 0.01081848
vt 0.07647705 0.01081848
vt 0.07647705 0.01081848
vt 0.07647705 0.01081848
vt 0.07647705 0.01081848
vt 0.07647705 0.01081848
vt 0.07647705 0.01081848
vt 0.07647705 0.01081848
vt 0.07647705 0.01081848
vt 0.07647705 0.01081848
vt 0.07647705 0.01081848
vt 0.07647705 0.01081848
vt 0.07647705 0.01081848
vt 0.07647705 0.01081848
vt 0.07647705 0.01081848
vt 0.07647705 0.01081848
vt 0.07647705 0.01081848
vt 0.07647705 0.01081848
vt 0.07647705 0.01081848
vt 0.07647705 0.01081848
vt 0.07647705 0.01081848
vt 0.07647705 0.01081848
vt 0.07647705 0.01081848
vt 0.07647705 0.01081848
vt 0.07647705 0.01081848
vt 0.07647705 0.01081848
vt 0.07647705 0.01081848
vt 0.07647705 0.01081848
vt 0.07647705 0.01081848
vt 0.07647705 0.01081848
vt 0.07647705 0.01081848
vt 0.07647705 0.01081848
vt 0.07647705 0.01081848
vt 0.07647705 0.01081848
vt 0.07647705 0.01081848
vt 0.07647705 0.01081848
vt 0.07647705 0.01081848
vt 0.07647705 0.01081848
vt 0.07647705 0.01081848
vt 0.07647705 0.01081848
vt 0.07647705 0.01081848
vt 0.07647705 0.01081848
vt 0.07647705 0.01081848
vt 0.07647705 0.01081848
vt 0.07647705 0.01081848
vt 0.07647705 0.01081848
vt 0.07647705 0.01081848
vt 0.07647705 0.01081848
vt 0.07647705 0.01081848
vt 0.07647705 0.01081848
vt 0.07647705 0.01081848
vt 0.07647705 0.01081848
vt 0.07647705 0.01081848
vt 0.07647705 0.01081848
vt 0.07647705 0.01081848
vt 0.07647705 0.01081848
vt 0.07647705 0.01081848
vt 0.07647705 0.01081848
vt 0.07647705 0.01081848
vt 0.07647705 0.01081848
vt 0.07647705 0.01081848
vt 0.07647705 0.01081848
vt 0.07647705 0.01081848
vt 0.07647705 0.01081848
vt 0.07647705 0.01081848
vt 0.07647705 0.01081848
vt 0.07647705 0.01081848
vt 0.07647705 0.01081848
vt 0.07647705 0.01081848
vt 0.07647705 0.01081848
vt 0.07647705 0.01081848
vt 0.07647705 0.01081848
vt 0.07647705 0.01081848
vt 0.07647705 0.01081848
vt 0.07647705 0.01081848
vt 0.07647705 0.01081848
vt 0.07647705 0.01081848
vt 0.07647705 0.01081848
vt 0.07647705 0.01081848
vt 0.07647705 0.01081848
vt 0.07647705 0.01081848
vt 0.07647705 0.01081848
vt 0.07647705 0.01081848
vt 0.07647705 0.01081848
vt 0.07647705 0.01081848
vt 0.07647705 0.01081848
vt 0.07647705 0.01081848
vt 0.07647705 0.01081848
vt 0.07647705 0.01081848
vt 0.07647705 0.01081848
vt 0.07647705 0.01081848
vt 0.07647705 0.01081848
vt 0.07647705 0.01081848
vt 0.07647705 0.01081848
vt 0.07647705 0.01081848
vt 0.07647705 0.01081848
vt 0.07647705 0.01081848
vt 0.07647705 0.01081848
vt 0.07647705 0.01081848
vt 0.07647705 0.01081848
vt 0.07647705 0.01081848
vt 0.07647705 0.01081848
vt 0.07647705 0.01081848
vt 0.07647705 0.01081848
vt 0.07647705 0.01081848
vt 0.07647705 0.01081848
vt 0.07647705 0.01081848
vt 0.07647705 0.01081848
vt 0.07647705 0.01081848
vt 0.07647705 0.01081848
vt 0.07647705 0.01081848
vt 0.07647705 0.01081848
vt 0.07647705 0.01081848
vt 0.07647705 0.01081848
vt 0.07647705 0.01081848
vt 0.07647705 0.01081848
vt 0.07647705 0.01081848
vt 0.07647705 0.01081848
vt 0.07647705 0.01081848
vt 0.07647705 0.01081848
vt 0.07647705 0.01081848
vt 0.07647705 0.01081848
vt 0.07647705 0.01081848
vt 0.07647705 0.01081848
vt 0.07647705 0.01081848
vt 0.07647705 0.01081848
vt 0.07647705 0.01081848
vt 0.07647705 0.01081848
vt 0.07647705 0.01081848
vt 0.07647705 0.01081848
vt 0.07647705 0.01081848
vt 0.07647705 0.01081848
vt 0.07647705 0.01081848
vt 0.07647705 0.01081848
vt 0.07647705 0.01081848
vt 0.07647705 0.01081848
vt 0.07647705 0.01081848
vt 0.07647705 0.01081848
vt 0.07647705 0.01081848
vt 0.07647705 0.01081848
vt 0.07647705 0.01081848
vt 0.07647705 0.01081848
vt 0.07647705 0.01081848
vt 0.07647705 0.01081848
vt 0.07647705 0.01081848
vt 0.07647705 0.01081848
vt 0.07647705 0.01081848
vt 0.07647705 0.01081848
vt 0.07647705 0.01081848
vt 0.07647705 0.01081848
vt 0.07647705 0.01081848
vt 0.07647705 0.01081848
vt 0.07647705 0.01081848
vt 0.07647705 0.01081848
vt 0.07647705 0.01081848
vt 0.07647705 0.01081848
vt 0.07647705 0.01081848
vt 0.07647705 0.01081848
vt 0.07647705 0.01081848
vt 0.07647705 0.01081848
vt 0.07647705 0.01081848
vt 0.07647705 0.01081848
vt 0.07647705 0.01081848
vt 0.07647705 0.01081848
vt 0.07647705 0.01081848
vt 0.07647705 0.01081848
vt 0.07647705 0.01081848
vt 0.07647705 0.01081848
vt 0.07647705 0.01081848
vt 0.07647705 0.01081848
vt 0.07647705 0.01081848
vt 0.07647705 0.01081848
vt 0.07647705 0.01081848
vt 0.07647705 0.01081848
vt 0.07647705 0.01081848
vt 0.07647705 0.01081848
vt 0.07647705 0.01081848
vt 0.07647705 0.01081848
vt 0.07647705 0.01081848
vt 0.07647705 0.01081848
vt 0.07647705 0.01081848
vt 0.07647705 0.01081848
vt 0.07647705 0.01081848
vt 0.07647705 0.01081848
vt 0.07647705 0.01081848
vt 0.07647705 0.01081848
vt 0.07647705 0.01081848
vt 0.07647705 0.01081848
vt 0.07647705 0.01081848
vt 0.07647705 0.01081848
vt 0.07647705 0.01081848
vt 0.07647705 0.01081848
vt 0.07647705 0.01081848
vt 0.07647705 0.01081848
vt 0.07647705 0.01081848
vt 0.07647705 0.01081848
vt 0.07647705 0.01081848
vt 0.07647705 0.01081848
vt 0.07647705 0.01081848
vt 0.07647705 0.01081848
vt 0.07647705 0.01081848
vt 0.07647705 0.01081848
vt 0.07647705 0.01081848
vt 0.07647705 0.01081848
vt 0.07647705 0.01081848
vt 0.07647705 0.01081848
vt 0.07647705 0.01081848
vt 0.07647705 0.01081848
vt 0.07647705 0.01081848
vt 0.07647705 0.01081848
vt 0.07647705 0.01081848
vt 0.07647705 0.01081848
vt 0.07647705 0.01081848
vt 0.07647705 0.01081848
vt 0.07647705 0.01081848
vt 0.07647705 0.01081848
vt 0.07647705 0.01081848
vt 0.07647705 0.01081848
vt 0.07647705 0.01081848
vt 0.07647705 0.01081848
vt 0.07647705 0.01081848
vt 0.07647705 0.01081848
vt 0.07647705 0.01081848
vt 0.07647705 0.01081848
vt 0.07647705 0.01081848
vt 0.07647705 0.01081848
vt 0.07647705 0.01081848
vt 0.07647705 0.01081848
vt 0.07647705 0.01081848
vt 0.07647705 0.01081848
vt 0.07647705 0.01081848
vt 0.07647705 0.01081848
vt 0.07647705 0.01081848
vt 0.07647705 0.01081848
vt 0.07647705 0.01081848
vt 0.07647705 0.01081848
vt 0.07647705 0.01081848
vt 0.07647705 0.01081848
vt 0.07647705 0.01081848
vt 0.07647705 0.01081848
vt 0.07647705 0.01081848
vt 0.07647705 0.01081848
vt 0.07647705 0.01081848
vt 0.07647705 0.01081848
vt 0.07647705 0.01081848
vt 0.07647705 0.01081848
vt 0.07647705 0.01081848
vt 0.07647705 0.01081848
vt 0.07647705 0.01081848
vt 0.07647705 0.01081848
vt 0.07647705 0.01081848
vt 0.07647705 0.01081848
vt 0.07647705 0.01081848
vt 0.07647705 0.01081848
vt 0.07647705 0.01081848
vt 0.07647705 0.01081848
vt 0.07647705 0.01081848
vt 0.07647705 0.01081848
vt 0.07647705 0.01081848
vt 0.07647705 0.01081848
vt 0.07647705 0.01081848
vt 0.07647705 0.01081848
vt 0.07647705 0.01081848
vt 0.07647705 0.01081848
vt 0.07647705 0.01081848
vt 0.07647705 0.01081848
vt 0.07647705 0.01081848
vt 0.07647705 0.01081848
vt 0.07647705 0.01081848
vt 0.07647705 0.01081848
vt 0.07647705 0.01081848
vt 0.07647705 0.01081848
vt 0.07647705 0.01081848
vt 0.07647705 0.01081848
vt 0.07647705 0.01081848
vt 0.07647705 0.01081848
vt 0.07647705 0.01081848
vt 0.07647705 0.01081848
vt 0.07647705 0.01081848
vt 0.07647705 0.01081848
vt 0.07647705 0.01081848
vt 0.07647705 0.01081848
vt 0.07647705 0.01081848
vt 0.07647705 0.01081848
vt 0.07647705 0.01081848
vt 0.07647705 0.01081848
vt 0.07647705 0.01081848
vt 0.07647705 0.01081848
vt 0.07647705 0.01081848
vt 0.07647705 0.01081848
vt 0.07647705 0.01081848
vt 0.07647705 0.01081848
vt 0.07647705 0.01081848
vt 0.07647705 0.01081848
vt 0.07647705 0.01081848
vt 0.2802734 0.4001465
vt 0.2802734 0.4001465
vt 0.2802734 0.4001465
vt 0.2802734 0.4001465
vt 0.2802734 0.4001465
vt 0.2802734 0.4001465
vt 0.2802734 0.4001465
vt 0.2802734 0.4001465
vt 0.2802734 0.4001465
vt 0.2802734 0.4001465
vt 0.2802734 0.4001465
vt 0.2802734 0.4001465
vt 0.2802734 0.4001465
vt 0.2802734 0.4001465
vt 0.2802734 0.4001465
vt 0.2802734 0.4001465
vt 0.2802734 0.4001465
vt 0.2802734 0.4001465
vt 0.2802734 0.4001465
vt 0.2802734 0.4001465
vt 0.2802734 0.4001465
vt 0.2802734 0.4001465
vt 0.2802734 0.4001465
vt 0.2802734 0.4001465
vt 0.2802734 0.4191895
vt 0.2802734 0.4191895
vt 0.2802734 0.4191895
vt 0.2802734 0.4191895
vt 0.2802734 0.4191895
vt 0.2802734 0.4191895
vt 0.2802734 0.4191895
vt 0.2802734 0.4191895
vt 0.2802734 0.4191895
vt 0.2802734 0.4191895
vt 0.2802734 0.4191895
vt 0.2802734 0.4191895
vt 0.2802734 0.4191895
vt 0.2802734 0.4191895
vt 0.2802734 0.4191895
vt 0.2802734 0.4191895
vt 0.2802734 0.4191895
vt 0.2802734 0.4191895
vt 0.2802734 0.4191895
vt 0.2802734 0.4191895
vt 0.2802734 0.4191895
vt 0.2802734 0.4191895
vt 0.2802734 0.4191895
vt 0.2802734 0.4191895
vt 0.2802734 0.4191895
vt 0.2802734 0.4191895
vt 0.2802734 0.4191895
vt 0.2802734 0.4191895
vt 0.2802734 0.4191895
vt 0.2802734 0.4191895
vt 0.2802734 0.4191895
vt 0.2802734 0.4191895
vt 0.2802734 0.4191895
vt 0.2802734 0.4191895
vt 0.2802734 0.4191895
vt 0.2802734 0.4191895
vt 0.2802734 0.4191895
vt 0.2802734 0.4191895
vt 0.2802734 0.4191895
vt 0.2802734 0.4191895
vt 0.2802734 0.4191895
vt 0.2802734 0.4191895
vt 0.2802734 0.4191895
vt 0.2802734 0.4191895
vt 0.2802734 0.4191895
vt 0.2802734 0.4191895
vt 0.2802734 0.4191895
vt 0.2802734 0.4191895
vt 0.2802734 0.4191895
vt 0.2802734 0.4191895
vt 0.2802734 0.4191895
vt 0.2802734 0.4191895
vt 0.2802734 0.4191895
vt 0.2802734 0.4191895
vt 0.2802734 0.4191895
vt 0.2802734 0.4191895
vt 0.2802734 0.4191895
vt 0.2802734 0.4191895
vt 0.2802734 0.4191895
vt 0.2802734 0.4191895
vt 0.2802734 0.4191895
vt 0.2802734 0.4191895
vt 0.2802734 0.4191895
vt 0.2802734 0.4191895
vt 0.2802734 0.4191895
vt 0.2802734 0.4191895
vt 0.2802734 0.4191895
vt 0.2802734 0.4191895
vt 0.2802734 0.4191895
vt 0.2802734 0.4191895
vt 0.2802734 0.4191895
vt 0.2802734 0.4191895
vt 0.2802734 0.4191895
vt 0.2802734 0.4191895
vt 0.2802734 0.4191895
vt 0.2802734 0.4191895
vt 0.2802734 0.4191895
vt 0.2802734 0.4191895
vt 0.2802734 0.4191895
vt 0.2802734 0.4191895
vt 0.2802734 0.4191895
vt 0.2802734 0.4191895
vt 0.2802734 0.4191895
vt 0.2802734 0.4191895
vt 0.2802734 0.4191895
vt 0.2802734 0.4191895
vt 0.2802734 0.4191895
vt 0.2802734 0.4191895
vt 0.2802734 0.4191895
vt 0.2802734 0.4191895
vt 0.2802734 0.4191895
vt 0.2802734 0.4191895
vt 0.2802734 0.4191895
vt 0.2802734 0.4191895
vt 0.2802734 0.4191895
vt 0.2802734 0.4191895
vt 0.2802734 0.4191895
vt 0.2802734 0.4191895
vt 0.2802734 0.4191895
vt 0.2802734 0.4191895
vt 0.2802734 0.4191895
vt 0.2802734 0.4191895
vt 0.2802734 0.4191895
vt 0.2802734 0.4191895
vt 0.2802734 0.4191895
vt 0.2802734 0.4191895
vt 0.2802734 0.4191895
vt 0.2802734 0.4191895
vt 0.2802734 0.4001465
vt 0.2802734 0.4001465
vt 0.2802734 0.4001465
vt 0.2802734 0.4001465
vt 0.2802734 0.4001465
vt 0.2802734 0.4001465
vt 0.2802734 0.4001465
vt 0.2802734 0.4001465
vt 0.2802734 0.4001465
vt 0.2802734 0.4001465
vt 0.2802734 0.4001465
vt 0.2802734 0.4001465
vt 0.2802734 0.4001465
vt 0.2802734 0.4001465
vt 0.2802734 0.4001465
vt 0.2802734 0.4001465
vt 0.2802734 0.4001465
vt 0.2802734 0.4001465
vt 0.2802734 0.4001465
vt 0.2802734 0.4001465
vt 0.2802734 0.4001465
vt 0.2802734 0.4001465
vt 0.2802734 0.4001465
vt 0.2802734 0.4001465
vt 0.2802734 0.4001465
vt 0.2802734 0.4001465
vt 0.2802734 0.4001465
vt 0.2802734 0.4001465
vt 0.2802734 0.4001465
vt 0.2802734 0.4001465
vt 0.2802734 0.4001465
vt 0.2802734 0.4001465
vt 0.2802734 0.4001465
vt 0.2802734 0.4001465
vt 0.2802734 0.4001465
vt 0.2802734 0.4001465
vt 0.2802734 0.4001465
vt 0.2802734 0.4001465
vt 0.2802734 0.4001465
vt 0.2802734 0.4001465
vt 0.2802734 0.4001465
vt 0.2802734 0.4001465
vt 0.2802734 0.4001465
vt 0.2802734 0.4001465
vt 0.2802734 0.4001465
vt 0.2802734 0.4001465
vt 0.2802734 0.4001465
vt 0.2802734 0.4001465
vt 0.2802734 0.4001465
vt 0.2802734 0.4001465
vt 0.2802734 0.4001465
vt 0.2802734 0.4001465
vt 0.2802734 0.4001465
vt 0.2802734 0.4001465
vt 0.2802734 0.4001465
vt 0.2802734 0.4001465
vt 0.2802734 0.4001465
vt 0.2802734 0.4001465
vt 0.2802734 0.4001465
vt 0.2802734 0.4001465
vt 0.2802734 0.4001465
vt 0.2802734 0.4001465
vt 0.2802734 0.4001465
vt 0.2802734 0.4001465
vt 0.2802734 0.4001465
vt 0.2802734 0.4001465
vt 0.2802734 0.4001465
vt 0.2802734 0.4001465
vt 0.2802734 0.4001465
vt 0.2802734 0.4001465
vt 0.2802734 0.4001465
vt 0.2802734 0.4001465
vt 0.2802734 0.4001465
vt 0.2802734 0.4001465
vt 0.2802734 0.4001465
vt 0.2802734 0.4001465
vt 0.2802734 0.4001465
vt 0.2802734 0.4001465
vt 0.2802734 0.4001465
vt 0.2802734 0.4001465
vt 0.2802734 0.4001465
vt 0.2802734 0.4001465
vt 0.2802734 0.4001465
vt 0.2802734 0.4001465
vt 0.2802734 0.4001465
vt 0.2802734 0.4001465
vt 0.2802734 0.4191895
vt 0.2802734 0.4191895
vt 0.2802734 0.4191895
vt 0.2802734 0.4191895
vt 0.2802734 0.4191895
vt 0.2802734 0.4191895
vt 0.2802734 0.4191895
vt 0.2802734 0.4191895
vt 0.2802734 0.4191895
vt 0.2802734 0.4191895
vt 0.2802734 0.4191895
vt 0.2802734 0.4191895
vt 0.2802734 0.4191895
vt 0.2802734 0.4191895
vt 0.2802734 0.4191895
vt 0.2802734 0.4191895
vt 0.2802734 0.4191895
vt 0.2802734 0.4191895
vt 0.2802734 0.4191895
vt 0.2802734 0.4191895
vt 0.2802734 0.4191895
vt 0.2802734 0.4191895
vt 0.2802734 0.4191895
vt 0.2802734 0.4191895
vt 0.2802734 0.4191895
vt 0.2802734 0.4191895
vt 0.2802734 0.4191895
vt 0.2802734 0.4191895
vt 0.2802734 0.4191895
vt 0.2802734 0.4191895
vt 0.2802734 0.4191895
vt 0.2802734 0.4191895
vt 0.2802734 0.4191895
vt 0.2802734 0.4191895
vt 0.2802734 0.4191895
vt 0.2802734 0.4191895
vt 0.2802734 0.4191895
vt 0.2802734 0.4191895
vt 0.2802734 0.4191895
vt 0.2802734 0.4191895
vt 0.2802734 0.4191895
vt 0.2802734 0.4191895
vt 0.2802734 0.4191895
vt 0.2802734 0.4191895
vt 0.2802734 0.4191895
vt 0.2802734 0.4191895
vt 0.2802734 0.4191895
vt 0.2802734 0.4191895
vt 0.2802734 0.4191895
vt 0.2802734 0.4191895
vt 0.2802734 0.4191895
vt 0.2802734 0.4191895
vt 0.2802734 0.4191895
vt 0.2802734 0.4191895
vt 0.2802734 0.4191895
vt 0.2802734 0.4191895
vt 0.2802734 0.4191895
vt 0.2802734 0.4191895
vt 0.2802734 0.4191895
vt 0.2802734 0.4191895
vt 0.2802734 0.4191895
vt 0.2802734 0.4191895
vt 0.2802734 0.4191895
vt 0.2802734 0.4191895
vt 0.2802734 0.4191895
vt 0.2802734 0.4191895
vt 0.2802734 0.4191895
vt 0.2802734 0.4191895
vt 0.2802734 0.4191895
vt 0.2802734 0.4191895
vt 0.2802734 0.4191895
vt 0.2802734 0.4191895
vt 0.2802734 0.4191895
vt 0.2802734 0.4191895
vt 0.2802734 0.4191895
vt 0.2802734 0.4191895
vt 0.2802734 0.4191895
vt 0.2802734 0.4191895
vt 0.2802734 0.4001465
vt 0.2802734 0.4001465
vt 0.2802734 0.4001465
vt 0.2802734 0.4001465
vt 0.2802734 0.4001465
vt 0.2802734 0.4001465
vt 0.2802734 0.4001465
vt 0.2802734 0.4001465
vt 0.2802734 0.4001465
vt 0.2802734 0.4001465
vt 0.2802734 0.4001465
vt 0.2802734 0.4001465
vt 0.2802734 0.4001465
vt 0.2802734 0.4001465
vt 0.2802734 0.4001465
vt 0.2802734 0.4001465
vt 0.2802734 0.4191895
vt 0.2802734 0.4191895
vt 0.2802734 0.4191895
vt 0.2802734 0.4191895
vt 0.2802734 0.4191895
vt 0.2802734 0.4191895
vt 0.2802734 0.4191895
vt 0.2802734 0.4191895
vt 0.2802734 0.4191895
vt 0.2802734 0.4191895
vt 0.2802734 0.4191895
vt 0.2802734 0.4191895
vt 0.2802734 0.4191895
vt 0.2802734 0.4191895
vt 0.2802734 0.4191895
vt 0.2802734 0.4191895
vt 0.2802734 0.4191895
vt 0.2802734 0.4191895
vt 0.2802734 0.4191895
vt 0.2802734 0.4191895
vt 0.2802734 0.4191895
vt 0.2802734 0.4191895
vt 0.2802734 0.4191895
vt 0.2802734 0.4191895
vt 0.2802734 0.4191895
vt 0.2802734 0.4191895
vt 0.2802734 0.4191895
vt 0.2802734 0.4191895
vt 0.2802734 0.4191895
vt 0.2802734 0.4191895
vt 0.2802734 0.4191895
vt 0.2802734 0.4191895
vt 0.2802734 0.4191895
vt 0.2802734 0.4191895
vt 0.2802734 0.4191895
vt 0.2802734 0.4191895
vt 0.2802734 0.4191895
vt 0.2802734 0.4191895
vt 0.2802734 0.4191895
vt 0.2802734 0.4191895
vt 0.2802734 0.4191895
vt 0.2802734 0.4191895
vt 0.2802734 0.4191895
vt 0.2802734 0.4191895
vt 0.2802734 0.4191895
vt 0.2802734 0.4191895
vt 0.2802734 0.4191895
vt 0.2802734 0.4191895
vt 0.2802734 0.4001465
vt 0.2802734 0.4001465
vt 0.2802734 0.4001465
vt 0.2802734 0.4001465
vt 0.2802734 0.4001465
vt 0.2802734 0.4001465
vt 0.2802734 0.4001465
vt 0.2802734 0.4001465
vt 0.2802734 0.4191895
vt 0.2802734 0.4191895
vt 0.2802734 0.4191895
vt 0.2802734 0.4191895
vt 0.2802734 0.4191895
vt 0.2802734 0.4191895
vt 0.2802734 0.4191895
vt 0.2802734 0.4191895
vt 0.2802734 0.4191895
vt 0.2802734 0.4191895
vt 0.2802734 0.4191895
vt 0.2802734 0.4191895
vt 0.2802734 0.4191895
vt 0.2802734 0.4191895
vt 0.2802734 0.4191895
vt 0.2802734 0.4191895
vt 0.2802734 0.4191895
vt 0.2802734 0.4191895
vt 0.2802734 0.4191895
vt 0.2802734 0.4191895
vt 0.2802734 0.4191895
vt 0.2802734 0.4191895
vt 0.2802734 0.4191895
vt 0.2802734 0.4191895
vt 0.2802734 0.4191895
vt 0.2802734 0.4191895
vt 0.2802734 0.4191895
vt 0.2802734 0.4191895
vt 0.2802734 0.4191895
vt 0.2802734 0.4191895
vt 0.2802734 0.4191895
vt 0.2802734 0.4191895
vt 0.2802734 0.4191895
vt 0.2802734 0.4191895
vt 0.2802734 0.4191895
vt 0.2802734 0.4191895
vt 0.2802734 0.4191895
vt 0.2802734 0.4191895
vt 0.2802734 0.4191895
vt 0.2802734 0.4191895
vt 0.2802734 0.4191895
vt 0.2802734 0.4191895
vt 0.2802734 0.4191895
vt 0.2802734 0.4191895
vt 0.2802734 0.4191895
vt 0.2802734 0.4191895
vt 0.2802734 0.4191895
vt 0.2802734 0.4191895
vt 0.2802734 0.4191895
vt 0.2802734 0.4191895
vt 0.2802734 0.4191895
vt 0.2802734 0.4191895
vt 0.2802734 0.4191895
vt 0.2802734 0.4191895
vt 0.2802734 0.4191895
vt 0.2802734 0.4191895
vt 0.2802734 0.4191895
vt 0.2802734 0.4191895
vt 0.2802734 0.4191895
vt 0.2802734 0.4191895
vt 0.2802734 0.4191895
vt 0.2802734 0.4191895
vt 0.2802734 0.4191895
vt 0.2802734 0.4191895
vt 0.2802734 0.4191895
vt 0.2802734 0.4191895
vt 0.2802734 0.4191895
vt 0.2802734 0.4191895
vt 0.2802734 0.4191895
vt 0.2802734 0.4191895
vt 0.2802734 0.4191895
vt 0.2802734 0.4191895
vt 0.2802734 0.4191895
vt 0.2802734 0.4191895
vt 0.2802734 0.4191895
vt 0.2802734 0.4191895
vt 0.2802734 0.4191895
vt 0.2802734 0.4191895
vt 0.2802734 0.4191895
vt 0.2802734 0.4191895
vt 0.2802734 0.4191895
vt 0.2802734 0.4191895
vt 0.2802734 0.4191895
vt 0.2802734 0.4191895
vt 0.2802734 0.4191895
vt 0.2802734 0.4191895
vt 0.2802734 0.4191895
vt 0.2802734 0.4191895
vt 0.2802734 0.4191895
vt 0.2802734 0.4191895
vt 0.2802734 0.4191895
vt 0.2802734 0.4191895
vt 0.2802734 0.4191895
vt 0.2802734 0.4191895
vt 0.2802734 0.4191895
vt 0.2802734 0.4191895
vt 0.2802734 0.4191895
vt 0.2802734 0.4191895
vt 0.2802734 0.4191895
vt 0.2802734 0.4191895
vt 0.2802734 0.4191895
vt 0.2802734 0.4191895
vt 0.2802734 0.4191895
vt 0.2802734 0.4191895
vt 0.2802734 0.4191895
vt 0.2802734 0.4191895
vt 0.2802734 0.4191895
vt 0.2802734 0.4191895
vt 0.2802734 0.4191895
vt 0.2802734 0.4191895
vt 0.2802734 0.4191895
vt 0.2802734 0.4191895
vt 0.2802734 0.4191895
vt 0.2802734 0.4191895
vt 0.2802734 0.4191895
vt 0.2802734 0.4191895
vt 0.2802734 0.4191895
vt 0.2802734 0.4191895
vt 0.2802734 0.4191895
vt 0.2802734 0.4191895
vt 0.2802734 0.4191895
vt 0.2802734 0.4191895
vt 0.2802734 0.4191895
vt 0.2802734 0.4191895
vt 0.2802734 0.4191895
vt 0.2802734 0.4191895
vt 0.2802734 0.4191895
vt 0.2802734 0.4191895
vt 0.2802734 0.4191895
vt 0.2802734 0.4191895
vt 0.2802734 0.4191895
vt 0.2802734 0.4191895
vt 0.2802734 0.4191895
vt 0.2802734 0.4191895
vt 0.2802734 0.4191895
vt 0.2802734 0.4191895
vt 0.2802734 0.4191895
vt 0.2802734 0.4191895
vt 0.2802734 0.4191895
vt 0.2802734 0.4191895
vt 0.2802734 0.4191895
vt 0.2802734 0.4191895
vt 0.2802734 0.4191895
vt 0.2802734 0.4191895
vt 0.07983398 0.2526855
vt 0.07983398 0.2526855
vt 0.07983398 0.2526855
vt 0.07983398 0.2526855
vt 0.2802734 0.4191895
vt 0.2802734 0.4191895
vt 0.2802734 0.4191895
vt 0.2802734 0.4191895
vt 0.2802734 0.4191895
vt 0.2802734 0.4191895
vt 0.2802734 0.4191895
vt 0.2802734 0.4191895
vt 0.2802734 0.4191895
vt 0.2802734 0.4191895
vt 0.2802734 0.4191895
vt 0.2802734 0.4191895
vt 0.2802734 0.4191895
vt 0.2802734 0.4191895
vt 0.2802734 0.4191895
vt 0.2802734 0.4191895
vt 0.2802734 0.4191895
vt 0.2802734 0.4191895
vt 0.2802734 0.4191895
vt 0.2802734 0.4191895
vt 0.2802734 0.4191895
vt 0.2802734 0.4191895
vt 0.2802734 0.4191895
vt 0.2802734 0.4191895
vt 0.1395264 0.4677734
vt 0.1395264 0.4677734
vt 0.1395264 0.4677734
vt 0.1395264 0.4677734
vt 0.2802734 0.4191895
vt 0.2802734 0.4191895
vt 0.2802734 0.4191895
vt 0.2802734 0.4191895
vt 0.2802734 0.4191895
vt 0.2802734 0.4191895
vt 0.2802734 0.4191895
vt 0.2802734 0.4191895
vt 0.2802734 0.4191895
vt 0.2802734 0.4191895
vt 0.2802734 0.4191895
vt 0.2802734 0.4191895
vt 0.135376 0.3554688
vt 0.135376 0.3554688
vt 0.135376 0.3554688
vt 0.135376 0.3554688
vt 0.2180176 0.4702148
vt 0.2180176 0.4702148
vt 0.2180176 0.4702148
vt 0.2180176 0.4702148
vt 0.2180176 0.4702148
vt 0.2180176 0.4702148
vt 0.2180176 0.4702148
vt 0.2180176 0.4702148
vt 0.2180176 0.4702148
vt 0.2180176 0.4702148
vt 0.2802734 0.4191895
vt 0.2802734 0.4191895
vt 0.2802734 0.4191895
vt 0.2802734 0.4191895
vt 0.2802734 0.4191895
vt 0.2802734 0.4191895
vt 0.2802734 0.4191895
vt 0.2802734 0.4191895
vt 0.2802734 0.4191895
vt 0.2802734 0.4191895
vt 0.2802734 0.4191895
vt 0.2802734 0.4191895
vt 0.279541 0.4206543
vt 0.279541 0.4206543
vt 0.279541 0.4206543
vt 0.279541 0.4206543
vt 0.279541 0.4206543
vt 0.279541 0.4206543
vt 0.279541 0.4206543
vt 0.279541 0.4206543
vt 0.279541 0.4206543
vt 0.279541 0.4206543
vt 0.279541 0.4206543
vt 0.279541 0.4206543
vt 0.279541 0.4206543
vt 0.279541 0.4206543
vt 0.279541 0.4206543
vt 0.279541 0.4206543
vt 0.279541 0.4206543
vt 0.279541 0.4206543
vt 0.279541 0.4206543
vt 0.279541 0.4206543
vt 0.279541 0.4206543
vt 0.279541 0.4206543
vt 0.279541 0.4206543
vt 0.279541 0.4206543
vt 0.279541 0.4206543
vt 0.279541 0.4206543
vt 0.279541 0.4206543
vt 0.279541 0.4206543
vt 0.279541 0.4206543
vt 0.279541 0.4206543
vt 0.279541 0.4206543
vt 0.279541 0.4206543
vt 0.279541 0.4206543
vt 0.279541 0.4206543
vt 0.279541 0.4206543
vt 0.279541 0.4206543
vt 0.279541 0.4206543
vt 0.279541 0.4206543
vt 0.279541 0.4206543
vt 0.279541 0.4206543
vt 0.279541 0.4206543
vt 0.279541 0.4206543
vt 0.279541 0.4206543
vt 0.279541 0.4206543
vt 0.279541 0.4206543
vt 0.279541 0.4206543
vt 0.279541 0.4206543
vt 0.279541 0.4206543
vt 0.279541 0.4206543
vt 0.279541 0.4206543
vt 0.279541 0.4206543
vt 0.279541 0.4206543
vt 0.279541 0.4206543
vt 0.279541 0.4206543
vt 0.279541 0.4206543
vt 0.279541 0.4206543
vt 0.279541 0.4206543
vt 0.279541 0.4206543
vt 0.279541 0.4206543
vt 0.279541 0.4206543
vt 0.279541 0.4206543
vt 0.279541 0.4206543
vt 0.279541 0.4206543
vt 0.279541 0.4206543
vt 0.279541 0.4206543
vt 0.279541 0.4206543
vt 0.279541 0.4206543
vt 0.279541 0.4206543
vt 0.279541 0.4206543
vt 0.279541 0.4206543
vt 0.279541 0.4206543
vt 0.279541 0.4206543
vt 0.279541 0.4206543
vt 0.279541 0.4206543
vt 0.279541 0.4206543
vt 0.279541 0.4206543
vt 0.279541 0.4206543
vt 0.279541 0.4206543
vt 0.279541 0.4206543
vt 0.279541 0.4206543
vt 0.279541 0.4206543
vt 0.279541 0.4206543
vt 0.279541 0.4206543
vt 0.279541 0.4206543
vt 0.279541 0.4206543
vt 0.279541 0.4206543
vt 0.279541 0.4206543
vt 0.279541 0.4206543
vt 0.279541 0.4206543
vt 0.279541 0.4206543
vt 0.279541 0.4206543
vt 0.279541 0.4206543
vt 0.279541 0.4206543
vt 0.279541 0.4206543
vt 0.279541 0.4206543
vt 0.279541 0.4206543
vt 0.279541 0.4206543
vt 0.279541 0.4206543
vt 0.279541 0.4206543
vt 0.279541 0.4206543
vt 0.279541 0.4206543
vt 0.279541 0.4206543
vt 0.279541 0.4206543
vt 0.279541 0.4206543
vt 0.279541 0.4206543
vt 0.279541 0.4206543
vt 0.279541 0.4206543
vt 0.279541 0.4206543
vt 0.279541 0.4206543
vt 0.279541 0.4206543
vt 0.279541 0.4206543
vt 0.279541 0.4206543
vt 0.279541 0.4206543
vt 0.279541 0.4206543
vt 0.279541 0.4206543
vt 0.279541 0.4206543
vt 0.279541 0.4206543
vt 0.279541 0.4206543
vt 0.279541 0.4206543
vt 0.279541 0.4206543
vt 0.279541 0.4206543
vt 0.279541 0.4206543
vt 0.279541 0.4206543
vt 0.279541 0.4206543
vt 0.279541 0.4206543
vt 0.279541 0.4206543
vt 0.279541 0.4206543
vt 0.279541 0.4206543
vt 0.279541 0.4206543
vt 0.279541 0.4206543
vt 0.2788086 0.4213867
vt 0.2788086 0.4213867
vt 0.2788086 0.4213867
vt 0.2788086 0.4213867
vt 0.2788086 0.4213867
vt 0.2788086 0.4213867
vt 0.2788086 0.4213867
vt 0.2788086 0.4213867
vt 0.2788086 0.4213867
vt 0.2788086 0.4213867
vt 0.2788086 0.4213867
vt 0.2788086 0.4213867
vt 0.2788086 0.4213867
vt 0.2788086 0.4213867
vt 0.2788086 0.4213867
vt 0.2788086 0.4213867
vt 0.2788086 0.4213867
vt 0.2788086 0.4213867
vt 0.2788086 0.4213867
vt 0.2788086 0.4213867
vt 0.2788086 0.4213867
vt 0.2788086 0.4213867
vt 0.2788086 0.4213867
vt 0.2788086 0.4213867
vt 0.2788086 0.4213867
vt 0.2788086 0.4213867
vt 0.2788086 0.4213867
vt 0.2788086 0.4213867
vt 0.2788086 0.4213867
vt 0.2788086 0.4213867
vt 0.2788086 0.4213867
vt 0.2788086 0.4213867
vt 0.2788086 0.4213867
vt 0.2788086 0.4213867
vt 0.2788086 0.4213867
vt 0.2788086 0.4213867
vt 0.111145 0.2768555
vt 0.111145 0.2768555
vt 0.111145 0.2768555
vt 0.111145 0.2768555
vt 0.111145 0.2768555
vt 0.111145 0.2768555
vt 0.111145 0.2768555
vt 0.111145 0.2768555
vt 0.111145 0.2768555
vt 0.111145 0.2768555
vt 0.111145 0.2768555
vt 0.111145 0.2768555
vt 0.111145 0.2768555
vt 0.111145 0.2768555
vt 0.111145 0.2768555
vt 0.111145 0.2768555
vt 0.111145 0.2768555
vt 0.111145 0.2768555
vt 0.111145 0.2768555
vt 0.111145 0.2768555
vt 0.111145 0.2768555
vt 0.111145 0.2768555
vt 0.111145 0.2768555
vt 0.111145 0.2768555
vt 0.07067871 0.01154327
vt 0.07067871 0.01154327
vt 0.07067871 0.01154327
vt 0.07067871 0.01154327
vt 0.07067871 0.01154327
vt 0.07067871 0.01154327
vt 0.07067871 0.01154327
vt 0.07067871 0.01154327
vt 0.07067871 0.01154327
vt 0.07067871 0.01154327
vt 0.07067871 0.01154327
vt 0.07067871 0.01154327
vt 0.07067871 0.01154327
vt 0.07067871 0.01154327
vt 0.07067871 0.01154327
vt 0.07067871 0.01154327
vt 0.07067871 0.01154327
vt 0.07067871 0.01154327
vt 0.07067871 0.01154327
vt 0.07067871 0.01154327
vt 0.07067871 0.01154327
vt 0.07067871 0.01154327
vt 0.07067871 0.01154327
vt 0.07067871 0.01154327
vt 0.2788086 0.4243164
vt 0.2788086 0.4243164
vt 0.2788086 0.4243164
vt 0.2788086 0.4243164
vt 0.2788086 0.4243164
vt 0.2788086 0.4243164
vt 0.2788086 0.4243164
vt 0.2788086 0.4243164
vt 0.2788086 0.4243164
vt 0.2788086 0.4243164
vt 0.2788086 0.4243164
vt 0.2788086 0.4243164
vt 0.2788086 0.4243164
vt 0.2788086 0.4243164
vt 0.07067871 0.01154327
vt 0.07067871 0.01154327
vt 0.07067871 0.01154327
vt 0.07067871 0.01154327
vt 0.07067871 0.01154327
vt 0.07067871 0.01154327
vt 0.07067871 0.01154327
vt 0.07067871 0.01154327
vt 0.07067871 0.01154327
vt 0.07067871 0.01154327
vt 0.07067871 0.01154327
vt 0.07067871 0.01154327
vt 0.07067871 0.01154327
vt 0.07067871 0.01154327
vt 0.07067871 0.01154327
vt 0.07067871 0.01154327
vt 0.07067871 0.01154327
vt 0.07067871 0.01154327
vt 0.07067871 0.01154327
vt 0.07067871 0.01154327
vt 0.07067871 0.01154327
vt 0.07067871 0.01154327
vt 0.07067871 0.01154327
vt 0.07067871 0.01154327
vt 0.2788086 0.4213867
vt 0.2788086 0.4213867
vt 0.2788086 0.4213867
vt 0.2788086 0.4213867
vt 0.2788086 0.4213867
vt 0.2788086 0.4213867
vt 0.2788086 0.4213867
vt 0.2788086 0.4213867
vt 0.2788086 0.4213867
vt 0.2788086 0.4213867
vt 0.2788086 0.4213867
vt 0.2788086 0.4213867
vt 0.2788086 0.4213867
vt 0.2788086 0.4213867
vt 0.2788086 0.4213867
vt 0.2788086 0.4213867
vt 0.2788086 0.4213867
vt 0.2788086 0.4213867
vt 0.2788086 0.4213867
vt 0.2788086 0.4213867
vt 0.2788086 0.4213867
vt 0.2788086 0.4213867
vt 0.2788086 0.4213867
vt 0.2788086 0.4213867
vt 0.2788086 0.4213867
vt 0.2788086 0.4213867
vt 0.2788086 0.4213867
vt 0.2788086 0.4213867
vt 0.2788086 0.4213867
vt 0.2788086 0.4213867
vt 0.2788086 0.4213867
vt 0.2788086 0.4213867
vt 0.2788086 0.4213867
vt 0.2788086 0.4213867
vt 0.2788086 0.4213867
vt 0.2788086 0.4213867
vt 0.111145 0.2768555
vt 0.111145 0.2768555
vt 0.111145 0.2768555
vt 0.111145 0.2768555
vt 0.111145 0.2768555
vt 0.111145 0.2768555
vt 0.111145 0.2768555
vt 0.111145 0.2768555
vt 0.111145 0.2768555
vt 0.111145 0.2768555
vt 0.111145 0.2768555
vt 0.111145 0.2768555
vt 0.111145 0.2768555
vt 0.111145 0.2768555
vt 0.111145 0.2768555
vt 0.111145 0.2768555
vt 0.111145 0.2768555
vt 0.111145 0.2768555
vt 0.111145 0.2768555
vt 0.111145 0.2768555
vt 0.111145 0.2768555
vt 0.111145 0.2768555
vt 0.111145 0.2768555
vt 0.111145 0.2768555
vt 0.07067871 0.01154327
vt 0.07067871 0.01154327
vt 0.07067871 0.01154327
vt 0.07067871 0.01154327
vt 0.07067871 0.01154327
vt 0.07067871 0.01154327
vt 0.07067871 0.01154327
vt 0.07067871 0.01154327
vt 0.07067871 0.01154327
vt 0.07067871 0.01154327
vt 0.07067871 0.01154327
vt 0.07067871 0.01154327
vt 0.07067871 0.01154327
vt 0.07067871 0.01154327
vt 0.07067871 0.01154327
vt 0.07067871 0.01154327
vt 0.07067871 0.01154327
vt 0.07067871 0.01154327
vt 0.07067871 0.01154327
vt 0.07067871 0.01154327
vt 0.07067871 0.01154327
vt 0.07067871 0.01154327
vt 0.07067871 0.01154327
vt 0.07067871 0.01154327
vt 0.2788086 0.4243164
vt 0.2788086 0.4243164
vt 0.2788086 0.4243164
vt 0.2788086 0.4243164
vt 0.2788086 0.4243164
vt 0.2788086 0.4243164
vt 0.2788086 0.4243164
vt 0.2788086 0.4243164
vt 0.2788086 0.4243164
vt 0.2788086 0.4243164
vt 0.2788086 0.4243164
vt 0.2788086 0.4243164
vt 0.2788086 0.4243164
vt 0.2788086 0.4243164
vt 0.07067871 0.01154327
vt 0.07067871 0.01154327
vt 0.07067871 0.01154327
vt 0.07067871 0.01154327
vt 0.07067871 0.01154327
vt 0.07067871 0.01154327
vt 0.07067871 0.01154327
vt 0.07067871 0.01154327
vt 0.07067871 0.01154327
vt 0.07067871 0.01154327
vt 0.07067871 0.01154327
vt 0.07067871 0.01154327
vt 0.07067871 0.01154327
vt 0.07067871 0.01154327
vt 0.07067871 0.01154327
vt 0.07067871 0.01154327
vt 0.07067871 0.01154327
vt 0.07067871 0.01154327
vt 0.07067871 0.01154327
vt 0.07067871 0.01154327
vt 0.07067871 0.01154327
vt 0.07067871 0.01154327
vt 0.07067871 0.01154327
vt 0.07067871 0.01154327
vt 0.2788086 0.4213867
vt 0.2788086 0.4213867
vt 0.2788086 0.4213867
vt 0.2788086 0.4213867
vt 0.2788086 0.4213867
vt 0.2788086 0.4213867
vt 0.2788086 0.4213867
vt 0.2788086 0.4213867
vt 0.2788086 0.4213867
vt 0.2788086 0.4213867
vt 0.2788086 0.4213867
vt 0.2788086 0.4213867
vt 0.2788086 0.4213867
vt 0.2788086 0.4213867
vt 0.2788086 0.4213867
vt 0.2788086 0.4213867
vt 0.2788086 0.4213867
vt 0.2788086 0.4213867
vt 0.2788086 0.4213867
vt 0.2788086 0.4213867
vt 0.2788086 0.4213867
vt 0.2788086 0.4213867
vt 0.2788086 0.4213867
vt 0.2788086 0.4213867
vt 0.2788086 0.4213867
vt 0.2788086 0.4213867
vt 0.2788086 0.4213867
vt 0.2788086 0.4213867
vt 0.2788086 0.4213867
vt 0.2788086 0.4213867
vt 0.2788086 0.4213867
vt 0.2788086 0.4213867
vt 0.2788086 0.4213867
vt 0.2788086 0.4213867
vt 0.2788086 0.4213867
vt 0.2788086 0.4213867
vt 0.111145 0.2768555
vt 0.111145 0.2768555
vt 0.111145 0.2768555
vt 0.111145 0.2768555
vt 0.111145 0.2768555
vt 0.111145 0.2768555
vt 0.111145 0.2768555
vt 0.111145 0.2768555
vt 0.111145 0.2768555
vt 0.111145 0.2768555
vt 0.111145 0.2768555
vt 0.111145 0.2768555
vt 0.111145 0.2768555
vt 0.111145 0.2768555
vt 0.111145 0.2768555
vt 0.111145 0.2768555
vt 0.111145 0.2768555
vt 0.111145 0.2768555
vt 0.111145 0.2768555
vt 0.111145 0.2768555
vt 0.111145 0.2768555
vt 0.111145 0.2768555
vt 0.111145 0.2768555
vt 0.111145 0.2768555
vt 0.07067871 0.01154327
vt 0.07067871 0.01154327
vt 0.07067871 0.01154327
vt 0.07067871 0.01154327
vt 0.07067871 0.01154327
vt 0.07067871 0.01154327
vt 0.07067871 0.01154327
vt 0.07067871 0.01154327
vt 0.07067871 0.01154327
vt 0.07067871 0.01154327
vt 0.07067871 0.01154327
vt 0.07067871 0.01154327
vt 0.07067871 0.01154327
vt 0.07067871 0.01154327
vt 0.07067871 0.01154327
vt 0.07067871 0.01154327
vt 0.07067871 0.01154327
vt 0.07067871 0.01154327
vt 0.07067871 0.01154327
vt 0.07067871 0.01154327
vt 0.07067871 0.01154327
vt 0.07067871 0.01154327
vt 0.07067871 0.01154327
vt 0.07067871 0.01154327
vt 0.2788086 0.4243164
vt 0.2788086 0.4243164
vt 0.2788086 0.4243164
vt 0.2788086 0.4243164
vt 0.2788086 0.4243164
vt 0.2788086 0.4243164
vt 0.2788086 0.4243164
vt 0.2788086 0.4243164
vt 0.2788086 0.4243164
vt 0.2788086 0.4243164
vt 0.2788086 0.4243164
vt 0.2788086 0.4243164
vt 0.2788086 0.4243164
vt 0.2788086 0.4243164
vt 0.07067871 0.01154327
vt 0.07067871 0.01154327
vt 0.07067871 0.01154327
vt 0.07067871 0.01154327
vt 0.07067871 0.01154327
vt 0.07067871 0.01154327
vt 0.07067871 0.01154327
vt 0.07067871 0.01154327
vt 0.07067871 0.01154327
vt 0.07067871 0.01154327
vt 0.07067871 0.01154327
vt 0.07067871 0.01154327
vt 0.07067871 0.01154327
vt 0.07067871 0.01154327
vt 0.07067871 0.01154327
vt 0.07067871 0.01154327
vt 0.07067871 0.01154327
vt 0.07067871 0.01154327
vt 0.07067871 0.01154327
vt 0.07067871 0.01154327
vt 0.07067871 0.01154327
vt 0.07067871 0.01154327
vt 0.07067871 0.01154327
vt 0.07067871 0.01154327
vt 0.2788086 0.4213867
vt 0.2788086 0.4213867
vt 0.2788086 0.4213867
vt 0.2788086 0.4213867
vt 0.2788086 0.4213867
vt 0.2788086 0.4213867
vt 0.2788086 0.4213867
vt 0.2788086 0.4213867
vt 0.2788086 0.4213867
vt 0.2788086 0.4213867
vt 0.2788086 0.4213867
vt 0.2788086 0.4213867
vt 0.2788086 0.4213867
vt 0.2788086 0.4213867
vt 0.2788086 0.4213867
vt 0.2788086 0.4213867
vt 0.2788086 0.4213867
vt 0.2788086 0.4213867
vt 0.2788086 0.4213867
vt 0.2788086 0.4213867
vt 0.2788086 0.4213867
vt 0.2788086 0.4213867
vt 0.2788086 0.4213867
vt 0.2788086 0.4213867
vt 0.2788086 0.4213867
vt 0.2788086 0.4213867
vt 0.2788086 0.4213867
vt 0.2788086 0.4213867
vt 0.2788086 0.4213867
vt 0.2788086 0.4213867
vt 0.2788086 0.4213867
vt 0.2788086 0.4213867
vt 0.2788086 0.4213867
vt 0.2788086 0.4213867
vt 0.2788086 0.4213867
vt 0.2788086 0.4213867
vt 0.111145 0.2768555
vt 0.111145 0.2768555
vt 0.111145 0.2768555
vt 0.111145 0.2768555
vt 0.111145 0.2768555
vt 0.111145 0.2768555
vt 0.111145 0.2768555
vt 0.111145 0.2768555
vt 0.111145 0.2768555
vt 0.111145 0.2768555
vt 0.111145 0.2768555
vt 0.111145 0.2768555
vt 0.111145 0.2768555
vt 0.111145 0.2768555
vt 0.111145 0.2768555
vt 0.111145 0.2768555
vt 0.111145 0.2768555
vt 0.111145 0.2768555
vt 0.111145 0.2768555
vt 0.111145 0.2768555
vt 0.111145 0.2768555
vt 0.111145 0.2768555
vt 0.111145 0.2768555
vt 0.111145 0.2768555
vt 0.07067871 0.01154327
vt 0.07067871 0.01154327
vt 0.07067871 0.01154327
vt 0.07067871 0.01154327
vt 0.07067871 0.01154327
vt 0.07067871 0.01154327
vt 0.07067871 0.01154327
vt 0.07067871 0.01154327
vt 0.07067871 0.01154327
vt 0.07067871 0.01154327
vt 0.07067871 0.01154327
vt 0.07067871 0.01154327
vt 0.07067871 0.01154327
vt 0.07067871 0.01154327
vt 0.07067871 0.01154327
vt 0.07067871 0.01154327
vt 0.07067871 0.01154327
vt 0.07067871 0.01154327
vt 0.07067871 0.01154327
vt 0.07067871 0.01154327
vt 0.07067871 0.01154327
vt 0.07067871 0.01154327
vt 0.07067871 0.01154327
vt 0.07067871 0.01154327
vt 0.2788086 0.4243164
vt 0.2788086 0.4243164
vt 0.2788086 0.4243164
vt 0.2788086 0.4243164
vt 0.2788086 0.4243164
vt 0.2788086 0.4243164
vt 0.2788086 0.4243164
vt 0.2788086 0.4243164
vt 0.2788086 0.4243164
vt 0.2788086 0.4243164
vt 0.2788086 0.4243164
vt 0.2788086 0.4243164
vt 0.2788086 0.4243164
vt 0.2788086 0.4243164
vt 0.07067871 0.01154327
vt 0.07067871 0.01154327
vt 0.07067871 0.01154327
vt 0.07067871 0.01154327
vt 0.07067871 0.01154327
vt 0.07067871 0.01154327
vt 0.07067871 0.01154327
vt 0.07067871 0.01154327
vt 0.07067871 0.01154327
vt 0.07067871 0.01154327
vt 0.07067871 0.01154327
vt 0.07067871 0.01154327
vt 0.07067871 0.01154327
vt 0.07067871 0.01154327
vt 0.07067871 0.01154327
vt 0.07067871 0.01154327
vt 0.07067871 0.01154327
vt 0.07067871 0.01154327
vt 0.07067871 0.01154327
vt 0.07067871 0.01154327
vt 0.07067871 0.01154327
vt 0.07067871 0.01154327
vt 0.07067871 0.01154327
vt 0.07067871 0.01154327
vt 0.2783203 0.4211426
vt 0.2783203 0.4211426
vt 0.2783203 0.4211426
vt 0.2783203 0.4211426
vt 0.2783203 0.4211426
vt 0.2783203 0.4211426
vt 0.2783203 0.4211426
vt 0.2783203 0.4211426
vt 0.2783203 0.4211426
vt 0.2783203 0.4211426
vt 0.2783203 0.4211426
vt 0.2783203 0.4211426
vt 0.2783203 0.4211426
vt 0.2783203 0.4211426
vt 0.2783203 0.4211426
vt 0.2783203 0.4211426
vt 0.2783203 0.4211426
vt 0.2783203 0.4211426
vt 0.2783203 0.4211426
vt 0.2783203 0.4211426
vt 0.2783203 0.4211426
vt 0.2783203 0.4211426
vt 0.2783203 0.4211426
vt 0.2783203 0.4211426
vt 0.2783203 0.4211426
vt 0.2783203 0.4211426
vt 0.2783203 0.4211426
vt 0.2783203 0.4211426
vt 0.2783203 0.4211426
vt 0.2783203 0.4211426
vt 0.2783203 0.4211426
vt 0.2783203 0.4211426
vt 0.2783203 0.4211426
vt 0.2783203 0.4211426
vt 0.2783203 0.4211426
vt 0.2783203 0.4211426
vt 0.2783203 0.4211426
vt 0.2783203 0.4211426
vt 0.2783203 0.4211426
vt 0.2783203 0.4211426
vt 0.2783203 0.4211426
vt 0.2783203 0.4211426
vt 0.2783203 0.4211426
vt 0.2783203 0.4211426
vt 0.2783203 0.4211426
vt 0.2783203 0.4211426
vt 0.2783203 0.4211426
vt 0.2783203 0.4211426
vt 0.2783203 0.4211426
vt 0.2783203 0.4211426
vt 0.2783203 0.4211426
vt 0.2783203 0.4211426
vt 0.2783203 0.4211426
vt 0.2783203 0.4211426
vt 0.2783203 0.4211426
vt 0.2783203 0.4211426
vt 0.2783203 0.4211426
vt 0.2783203 0.4211426
vt 0.2783203 0.4211426
vt 0.2783203 0.4211426
vt 0.2783203 0.4211426
vt 0.2783203 0.4211426
vt 0.2783203 0.4211426
vt 0.2783203 0.4211426
vt 0.2783203 0.4211426
vt 0.2783203 0.4211426
vt 0.2783203 0.4211426
vt 0.2783203 0.4211426
vt 0.2783203 0.4211426
vt 0.2783203 0.4211426
vt 0.2783203 0.4211426
vt 0.2783203 0.4211426
vt 0.2783203 0.4211426
vt 0.2783203 0.4211426
vt 0.2783203 0.4211426
vt 0.2783203 0.4211426
vt 0.2783203 0.4211426
vt 0.2783203 0.4211426
vt 0.2783203 0.4211426
vt 0.2783203 0.4211426
vt 0.2783203 0.4211426
vt 0.2783203 0.4211426
vt 0.2783203 0.4211426
vt 0.2783203 0.4211426
vt 0.2783203 0.4211426
vt 0.2783203 0.4211426
vt 0.2783203 0.4211426
vt 0.2783203 0.4211426
vt 0.2783203 0.4211426
vt 0.2783203 0.4211426
vt 0.2783203 0.4211426
vt 0.2783203 0.4211426
vt 0.2783203 0.4211426
vt 0.2783203 0.4211426
vt 0.2783203 0.4211426
vt 0.2783203 0.4211426
vt 0.2783203 0.4211426
vt 0.2783203 0.4211426
vt 0.2783203 0.4211426
vt 0.2783203 0.4211426
vt 0.2783203 0.4211426
vt 0.2783203 0.4211426
vt 0.2783203 0.4211426
vt 0.2783203 0.4211426
vt 0.2783203 0.4211426
vt 0.2783203 0.4211426
vt 0.2783203 0.4211426
vt 0.2783203 0.4211426
vt 0.2783203 0.4211426
vt 0.2783203 0.4211426
vt 0.2783203 0.4211426
vt 0.2783203 0.4211426
vt 0.2783203 0.4211426
vt 0.2783203 0.4211426
vt 0.2783203 0.4211426
vt 0.2783203 0.4211426
vt 0.2783203 0.4211426
vt 0.2783203 0.4211426
vt 0.2783203 0.4211426
vt 0.2783203 0.4211426
vt 0.2783203 0.4211426
vt 0.2783203 0.4211426
vt 0.2783203 0.4211426
vt 0.2783203 0.4211426
vt 0.2783203 0.4211426
vt 0.2783203 0.4211426
vt 0.2783203 0.4211426
vt 0.2783203 0.4211426
vt 0.2783203 0.4211426
vt 0.2783203 0.4211426
vt 0.2783203 0.4211426
vt 0.2783203 0.4211426
vt 0.2783203 0.4211426
vt 0.2783203 0.4211426
vt 0.2783203 0.4211426
vt 0.2783203 0.4211426
vt 0.2783203 0.4211426
vt 0.2783203 0.4211426
vt 0.2783203 0.4211426
vt 0.2783203 0.4211426
vt 0.2783203 0.4211426
vt 0.2783203 0.4211426
vt 0.2783203 0.4211426
vt 0.2783203 0.4211426
vt 0.2783203 0.4211426
vt 0.2783203 0.4211426
vt 0.2783203 0.4211426
vt 0.2783203 0.4211426
vt 0.2783203 0.4211426
vt 0.2783203 0.4211426
vt 0.2783203 0.4211426
vt 0.2783203 0.4211426
vt 0.2783203 0.4211426
vt 0.2783203 0.4211426
vt 0.2783203 0.4211426
vt 0.2783203 0.4211426
vt 0.2783203 0.4211426
vt 0.2783203 0.4211426
vt 0.2783203 0.4211426
vt 0.2783203 0.4211426
vt 0.2783203 0.4211426
vt 0.2783203 0.4211426
vt 0.2783203 0.4211426
vt 0.2783203 0.4211426
vt 0.2783203 0.4211426
vt 0.2783203 0.4211426
vt 0.2783203 0.4211426
vt 0.2783203 0.4211426
vt 0.2783203 0.4211426
vt 0.2783203 0.4211426
vt 0.2783203 0.4211426
vt 0.2783203 0.4211426
vt 0.2783203 0.4211426
vt 0.2783203 0.4211426
vt 0.2783203 0.4211426
vt 0.2783203 0.4211426
vt 0.2783203 0.4211426
vt 0.2783203 0.4211426
vt 0.2783203 0.4211426
vt 0.2783203 0.4211426
vt 0.2783203 0.4211426
vt 0.2783203 0.4211426
vt 0.2783203 0.4211426
vt 0.2783203 0.4211426
vt 0.2783203 0.4211426
vt 0.2783203 0.4211426
vt 0.2783203 0.4211426
vt 0.2783203 0.4211426
vt 0.2783203 0.4211426
vt 0.2783203 0.4211426
vt 0.2783203 0.4211426
vt 0.2783203 0.4211426
vt 0.2783203 0.4211426
vt 0.2783203 0.4211426
vt 0.2783203 0.4211426
vt 0.2783203 0.4211426
vt 0.2783203 0.4211426
vt 0.2783203 0.4211426
vt 0.2783203 0.4211426
vt 0.2783203 0.4211426
vt 0.2783203 0.4211426
vt 0.2783203 0.4211426
vt 0.2783203 0.4211426
vt 0.2783203 0.4211426
vt 0.2783203 0.4211426
vt 0.2783203 0.4211426
vt 0.2783203 0.4211426
vt 0.2783203 0.4211426
vt 0.2783203 0.4211426
vt 0.2783203 0.4211426
vt 0.2783203 0.4211426
vt 0.2783203 0.4211426
vt 0.2783203 0.4211426
vt 0.2783203 0.4211426
vt 0.2783203 0.4211426
vt 0.2783203 0.4211426
vt 0.2783203 0.4211426
vt 0.2783203 0.4211426
vt 0.2783203 0.4211426
vt 0.2783203 0.4211426
vt 0.2783203 0.4211426
vt 0.2783203 0.4211426
vt 0.2783203 0.4211426
vt 0.2783203 0.4211426
vt 0.2783203 0.4211426
vt 0.2783203 0.4211426
vt 0.2783203 0.4211426
vt 0.2783203 0.4211426
vt 0.2783203 0.4211426
vt 0.2783203 0.4211426
vt 0.2783203 0.4211426
vt 0.2783203 0.4211426
vt 0.2783203 0.4211426
vt 0.2783203 0.4211426
vt 0.2783203 0.4211426
vt 0.2783203 0.4211426
vt 0.2783203 0.4211426
vt 0.2783203 0.4211426
vt 0.2783203 0.4211426
vt 0.2783203 0.4211426
vt 0.2783203 0.4211426
vt 0.2783203 0.4211426
vt 0.2783203 0.4211426
vt 0.2783203 0.4211426
vt 0.279541 0.4206543
vt 0.279541 0.4206543
vt 0.279541 0.4206543
vt 0.279541 0.4206543
vt 0.279541 0.4206543
vt 0.279541 0.4206543
vt 0.279541 0.4206543
vt 0.279541 0.4206543
vt 0.279541 0.4206543
vt 0.279541 0.4206543
vt 0.279541 0.4206543
vt 0.279541 0.4206543
vt 0.279541 0.4206543
vt 0.279541 0.4206543
vt 0.279541 0.4206543
vt 0.279541 0.4206543
vt 0.279541 0.4206543
vt 0.279541 0.4206543
vt 0.279541 0.4206543
vt 0.279541 0.4206543
vt 0.279541 0.4206543
vt 0.279541 0.4206543
vt 0.279541 0.4206543
vt 0.279541 0.4206543
vt 0.279541 0.4206543
vt 0.279541 0.4206543
vt 0.279541 0.4206543
vt 0.279541 0.4206543
vt 0.279541 0.4206543
vt 0.279541 0.4206543
vt 0.279541 0.4206543
vt 0.279541 0.4206543
vt 0.279541 0.4206543
vt 0.279541 0.4206543
vt 0.279541 0.4206543
vt 0.279541 0.4206543
vt 0.279541 0.4206543
vt 0.279541 0.4206543
vt 0.279541 0.4206543
vt 0.279541 0.4206543
vt 0.279541 0.4206543
vt 0.279541 0.4206543
vt 0.279541 0.4206543
vt 0.279541 0.4206543
vt 0.279541 0.4206543
vt 0.279541 0.4206543
vt 0.279541 0.4206543
vt 0.279541 0.4206543
vt 0.279541 0.4206543
vt 0.279541 0.4206543
vt 0.279541 0.4206543
vt 0.279541 0.4206543
vt 0.279541 0.4206543
vt 0.279541 0.4206543
vt 0.279541 0.4206543
vt 0.279541 0.4206543
vt 0.279541 0.4206543
vt 0.279541 0.4206543
vt 0.279541 0.4206543
vt 0.279541 0.4206543
vt 0.279541 0.4206543
vt 0.279541 0.4206543
vt 0.279541 0.4206543
vt 0.279541 0.4206543
vt 0.279541 0.4206543
vt 0.279541 0.4206543
vt 0.279541 0.4206543
vt 0.279541 0.4206543
vt 0.279541 0.4206543
vt 0.279541 0.4206543
vt 0.279541 0.4206543
vt 0.279541 0.4206543
vt 0.279541 0.4206543
vt 0.279541 0.4206543
vt 0.279541 0.4206543
vt 0.279541 0.4206543
vt 0.279541 0.4206543
vt 0.279541 0.4206543
vt 0.279541 0.4206543
vt 0.279541 0.4206543
vt 0.279541 0.4206543
vt 0.279541 0.4206543
vt 0.279541 0.4206543
vt 0.279541 0.4206543
vt 0.279541 0.4206543
vt 0.279541 0.4206543
vt 0.279541 0.4206543
vt 0.279541 0.4206543
vt 0.279541 0.4206543
vt 0.279541 0.4206543
vt 0.279541 0.4206543
vt 0.279541 0.4206543
vt 0.279541 0.4206543
vt 0.279541 0.4206543
vt 0.279541 0.4206543
vt 0.279541 0.4206543
vt 0.279541 0.4206543
vt 0.279541 0.4206543
vt 0.279541 0.4206543
vt 0.279541 0.4206543
vt 0.279541 0.4206543
vt 0.279541 0.4206543
vt 0.279541 0.4206543
vt 0.279541 0.4206543
vt 0.279541 0.4206543
vt 0.279541 0.4206543
vt 0.279541 0.4206543
vt 0.279541 0.4206543
vt 0.279541 0.4206543
vt 0.279541 0.4206543
vt 0.279541 0.4206543
vt 0.279541 0.4206543
vt 0.279541 0.4206543
vt 0.279541 0.4206543
vt 0.279541 0.4206543
vt 0.279541 0.4206543
vt 0.279541 0.4206543
vt 0.279541 0.4206543
vt 0.279541 0.4206543
vt 0.279541 0.4206543
vt 0.279541 0.4206543
vt 0.279541 0.4206543
vt 0.279541 0.4206543
vt 0.279541 0.4206543
vt 0.279541 0.4206543
vt 0.279541 0.4206543
vt 0.279541 0.4206543
vt 0.279541 0.4206543
vt 0.279541 0.4206543
vt 0.279541 0.4206543

g SM_Prop_Skip_01_335_6
usemtl SM_Prop_Skip_01_335_6
usemap SM_Prop_Skip_01_335_6
f 1/1/1 3/3/3 2/2/2
f 1/1/1 4/4/4 3/3/3
f 5/5/5 7/7/7 6/6/6
f 5/5/5 8/8/8 7/7/7
f 9/9/9 11/11/11 10/10/10
f 9/9/9 12/12/12 11/11/11
f 13/13/13 15/15/15 14/14/14
f 13/13/13 16/16/16 15/15/15
f 17/17/17 19/19/19 18/18/18
f 17/17/17 20/20/20 19/19/19
f 21/21/21 23/23/23 22/22/22
f 21/21/21 24/24/24 23/23/23
f 23/23/23 24/24/24 25/25/25
f 23/23/23 25/25/25 26/26/26
f 27/27/27 29/29/29 28/28/28
f 27/27/27 30/30/30 29/29/29
f 30/30/30 32/32/32 31/31/31
f 30/30/30 33/33/33 32/32/32
f 33/33/33 35/35/35 34/34/34
f 33/33/33 36/36/36 35/35/35
f 36/36/36 38/38/38 37/37/37
f 36/36/36 39/39/39 38/38/38
f 39/39/39 41/41/41 40/40/40
f 39/39/39 42/42/42 41/41/41
f 43/43/43 45/45/45 44/44/44
f 43/43/43 46/46/46 45/45/45
f 47/47/47 43/43/43 44/44/44
f 47/47/47 44/44/44 48/48/48
f 49/49/49 51/51/51 50/50/50
f 49/49/49 52/52/52 51/51/51
f 53/53/53 49/49/49 54/54/54
f 53/53/53 54/54/54 55/55/55
f 56/56/56 53/53/53 57/57/57
f 56/56/56 57/57/57 58/58/58
f 59/59/59 56/56/56 60/60/60
f 59/59/59 60/60/60 61/61/61
f 62/62/62 59/59/59 63/63/63
f 62/62/62 63/63/63 64/64/64
f 65/65/65 67/67/67 66/66/66
f 65/65/65 68/68/68 67/67/67
f 67/67/67 68/68/68 69/69/69
f 67/67/67 69/69/69 70/70/70
f 71/71/71 73/73/73 72/72/72
f 71/71/71 74/74/74 73/73/73
f 75/75/75 71/71/71 72/72/72
f 75/75/75 72/72/72 76/76/76
f 77/77/77 79/79/79 78/78/78
f 77/77/77 80/80/80 79/79/79
f 79/79/79 80/80/80 81/81/81
f 79/79/79 81/81/81 82/82/82
f 83/83/83 85/85/85 84/84/84
f 83/83/83 86/86/86 85/85/85
f 87/87/87 83/83/83 84/84/84
f 87/87/87 84/84/84 88/88/88
f 89/89/89 91/91/91 90/90/90
f 89/89/89 92/92/92 91/91/91
f 91/91/91 92/92/92 93/93/93
f 91/91/91 93/93/93 94/94/94
f 95/95/95 97/97/97 96/96/96
f 95/95/95 98/98/98 97/97/97
f 99/99/99 95/95/95 96/96/96
f 99/99/99 96/96/96 100/100/100
f 101/101/101 103/103/103 102/102/102
f 101/101/101 104/104/104 103/103/103
f 103/103/103 104/104/104 105/105/105
f 103/103/103 105/105/105 106/106/106
f 107/107/107 109/109/109 108/108/108
f 107/107/107 110/110/110 109/109/109
f 111/111/111 107/107/107 108/108/108
f 111/111/111 108/108/108 112/112/112
f 113/113/113 115/115/115 114/114/114
f 113/113/113 116/116/116 115/115/115
f 116/116/116 117/117/117 115/115/115
f 116/116/116 118/118/118 117/117/117
f 118/118/118 119/119/119 117/117/117
f 118/118/118 120/120/120 119/119/119
f 120/120/120 121/121/121 119/119/119
f 120/120/120 122/122/122 121/121/121
f 122/122/122 123/123/123 121/121/121
f 122/122/122 124/124/124 123/123/123
f 124/124/124 125/125/125 123/123/123
f 124/124/124 126/126/126 125/125/125
f 126/126/126 127/127/127 125/125/125
f 126/126/126 128/128/128 127/127/127
f 129/129/129 113/113/113 114/114/114
f 127/127/127 128/128/128 130/130/130
f 127/127/127 130/130/130 131/131/131
f 130/130/130 132/132/132 131/131/131
f 130/130/130 133/133/133 132/132/132
f 133/133/133 134/134/134 132/132/132
f 133/133/133 135/135/135 134/134/134
f 135/135/135 136/136/136 134/134/134
f 135/135/135 137/137/137 136/136/136
f 137/137/137 138/138/138 136/136/136
f 137/137/137 139/139/139 138/138/138
f 139/139/139 140/140/140 138/138/138
f 139/139/139 129/129/129 140/140/140
f 129/129/129 114/114/114 140/140/140
f 141/141/141 143/143/143 142/142/142
f 141/141/141 144/144/144 143/143/143
f 145/145/145 141/141/141 142/142/142
f 145/145/145 142/142/142 146/146/146
f 147/147/147 149/149/149 148/148/148
f 147/147/147 150/150/150 149/149/149
f 149/149/149 150/150/150 151/151/151
f 149/149/149 151/151/151 152/152/152
f 153/153/153 155/155/155 154/154/154
f 153/153/153 156/156/156 155/155/155
f 156/156/156 157/157/157 155/155/155
f 156/156/156 158/158/158 157/157/157
f 158/158/158 159/159/159 157/157/157
f 158/158/158 160/160/160 159/159/159
f 160/160/160 161/161/161 159/159/159
f 160/160/160 162/162/162 161/161/161
f 162/162/162 163/163/163 161/161/161
f 162/162/162 164/164/164 163/163/163
f 165/165/165 167/167/167 166/166/166
f 165/165/165 168/168/168 167/167/167
f 169/169/169 165/165/165 166/166/166
f 169/169/169 166/166/166 170/170/170
f 171/171/171 169/169/169 170/170/170
f 171/171/171 170/170/170 172/172/172
f 173/173/173 171/171/171 172/172/172
f 173/173/173 172/172/172 174/174/174
f 175/175/175 173/173/173 174/174/174
f 175/175/175 174/174/174 176/176/176
f 177/177/177 179/179/179 178/178/178
f 177/177/177 180/180/180 179/179/179
f 179/179/179 181/181/181 178/178/178
f 182/182/182 177/177/177 178/178/178
f 181/181/181 183/183/183 178/178/178
f 183/183/183 184/184/184 178/178/178
f 184/184/184 185/185/185 178/178/178
f 185/185/185 186/186/186 178/178/178
f 186/186/186 187/187/187 178/178/178
f 186/186/186 188/188/188 187/187/187
f 187/187/187 189/189/189 178/178/178
f 189/189/189 190/190/190 178/178/178
f 190/190/190 191/191/191 178/178/178
f 191/191/191 182/182/182 178/178/178
f 192/192/192 194/194/194 193/193/193
f 192/192/192 195/195/195 194/194/194
f 196/196/196 198/198/198 197/197/197
f 196/196/196 199/199/199 198/198/198
f 200/200/200 202/202/202 201/201/201
f 200/200/200 203/203/203 202/202/202
f 204/204/204 206/206/206 205/205/205
f 204/204/204 207/207/207 206/206/206
f 208/208/208 210/210/210 209/209/209
f 208/208/208 211/211/211 210/210/210
f 212/212/212 214/214/214 213/213/213
f 212/212/212 215/215/215 214/214/214
f 216/216/216 218/218/218 217/217/217
f 216/216/216 219/219/219 218/218/218
f 220/220/220 222/222/222 221/221/221
f 220/220/220 223/223/223 222/222/222
f 224/224/224 226/226/226 225/225/225
f 224/224/224 227/227/227 226/226/226
f 228/228/228 230/230/230 229/229/229
f 228/228/228 231/231/231 230/230/230
f 232/232/232 234/234/234 233/233/233
f 232/232/232 235/235/235 234/234/234
f 234/234/234 235/235/235 236/236/236
f 234/234/234 236/236/236 237/237/237
f 238/238/238 240/240/240 239/239/239
f 238/238/238 241/241/241 240/240/240
f 241/241/241 243/243/243 242/242/242
f 241/241/241 244/244/244 243/243/243
f 244/244/244 246/246/246 245/245/245
f 244/244/244 247/247/247 246/246/246
f 247/247/247 249/249/249 248/248/248
f 247/247/247 250/250/250 249/249/249
f 250/250/250 252/252/252 251/251/251
f 250/250/250 253/253/253 252/252/252
f 254/254/254 256/256/256 255/255/255
f 254/254/254 257/257/257 256/256/256
f 258/258/258 254/254/254 255/255/255
f 258/258/258 255/255/255 259/259/259
f 260/260/260 262/262/262 261/261/261
f 260/260/260 263/263/263 262/262/262
f 264/264/264 260/260/260 265/265/265
f 264/264/264 265/265/265 266/266/266
f 267/267/267 264/264/264 268/268/268
f 267/267/267 268/268/268 269/269/269
f 270/270/270 267/267/267 271/271/271
f 270/270/270 271/271/271 272/272/272
f 273/273/273 270/270/270 274/274/274
f 273/273/273 274/274/274 275/275/275
f 276/276/276 278/278/278 277/277/277
f 276/276/276 279/279/279 278/278/278
f 278/278/278 279/279/279 280/280/280
f 278/278/278 280/280/280 281/281/281
f 282/282/282 284/284/284 283/283/283
f 282/282/282 285/285/285 284/284/284
f 286/286/286 282/282/282 283/283/283
f 286/286/286 283/283/283 287/287/287
f 288/288/288 290/290/290 289/289/289
f 288/288/288 291/291/291 290/290/290
f 290/290/290 291/291/291 292/292/292
f 290/290/290 292/292/292 293/293/293
f 294/294/294 296/296/296 295/295/295
f 294/294/294 297/297/297 296/296/296
f 298/298/298 294/294/294 295/295/295
f 298/298/298 295/295/295 299/299/299
f 300/300/300 302/302/302 301/301/301
f 300/300/300 303/303/303 302/302/302
f 302/302/302 303/303/303 304/304/304
f 302/302/302 304/304/304 305/305/305
f 306/306/306 308/308/308 307/307/307
f 306/306/306 309/309/309 308/308/308
f 310/310/310 306/306/306 307/307/307
f 310/310/310 307/307/307 311/311/311
f 312/312/312 314/314/314 313/313/313
f 312/312/312 315/315/315 314/314/314
f 314/314/314 315/315/315 316/316/316
f 314/314/314 316/316/316 317/317/317
f 318/318/318 320/320/320 319/319/319
f 318/318/318 321/321/321 320/320/320
f 322/322/322 318/318/318 319/319/319
f 322/322/322 319/319/319 323/323/323
f 324/324/324 326/326/326 325/325/325
f 324/324/324 327/327/327 326/326/326
f 327/327/327 328/328/328 326/326/326
f 327/327/327 329/329/329 328/328/328
f 329/329/329 330/330/330 328/328/328
f 329/329/329 331/331/331 330/330/330
f 331/331/331 332/332/332 330/330/330
f 331/331/331 333/333/333 332/332/332
f 333/333/333 334/334/334 332/332/332
f 333/333/333 335/335/335 334/334/334
f 335/335/335 336/336/336 334/334/334
f 335/335/335 337/337/337 336/336/336
f 337/337/337 338/338/338 336/336/336
f 337/337/337 339/339/339 338/338/338
f 340/340/340 324/324/324 325/325/325
f 338/338/338 339/339/339 341/341/341
f 338/338/338 341/341/341 342/342/342
f 341/341/341 343/343/343 342/342/342
f 341/341/341 344/344/344 343/343/343
f 344/344/344 345/345/345 343/343/343
f 344/344/344 346/346/346 345/345/345
f 346/346/346 347/347/347 345/345/345
f 346/346/346 348/348/348 347/347/347
f 348/348/348 349/349/349 347/347/347
f 348/348/348 350/350/350 349/349/349
f 350/350/350 351/351/351 349/349/349
f 350/350/350 340/340/340 351/351/351
f 340/340/340 325/325/325 351/351/351
f 352/352/352 354/354/354 353/353/353
f 352/352/352 355/355/355 354/354/354
f 356/356/356 352/352/352 353/353/353
f 356/356/356 353/353/353 357/357/357
f 358/358/358 360/360/360 359/359/359
f 358/358/358 361/361/361 360/360/360
f 360/360/360 361/361/361 362/362/362
f 360/360/360 362/362/362 363/363/363
f 364/364/364 366/366/366 365/365/365
f 364/364/364 367/367/367 366/366/366
f 367/367/367 368/368/368 366/366/366
f 367/367/367 369/369/369 368/368/368
f 369/369/369 370/370/370 368/368/368
f 369/369/369 371/371/371 370/370/370
f 371/371/371 372/372/372 370/370/370
f 371/371/371 373/373/373 372/372/372
f 373/373/373 374/374/374 372/372/372
f 373/373/373 375/375/375 374/374/374
f 376/376/376 378/378/378 377/377/377
f 376/376/376 379/379/379 378/378/378
f 380/380/380 376/376/376 377/377/377
f 380/380/380 377/377/377 381/381/381
f 382/382/382 380/380/380 381/381/381
f 382/382/382 381/381/381 383/383/383
f 384/384/384 382/382/382 383/383/383
f 384/384/384 383/383/383 385/385/385
f 386/386/386 384/384/384 385/385/385
f 386/386/386 385/385/385 387/387/387
f 388/388/388 390/390/390 389/389/389
f 388/388/388 391/391/391 390/390/390
f 390/390/390 392/392/392 389/389/389
f 393/393/393 388/388/388 389/389/389
f 392/392/392 394/394/394 389/389/389
f 394/394/394 395/395/395 389/389/389
f 395/395/395 396/396/396 389/389/389
f 396/396/396 397/397/397 389/389/389
f 397/397/397 398/398/398 389/389/389
f 397/397/397 399/399/399 398/398/398
f 398/398/398 400/400/400 389/389/389
f 400/400/400 401/401/401 389/389/389
f 401/401/401 402/402/402 389/389/389
f 402/402/402 393/393/393 389/389/389
f 403/403/403 405/405/405 404/404/404
f 403/403/403 406/406/406 405/405/405
f 407/407/407 409/409/409 408/408/408
f 407/407/407 410/410/410 409/409/409
f 411/411/411 413/413/413 412/412/412
f 411/411/411 414/414/414 413/413/413
f 415/415/415 417/417/417 416/416/416
f 415/415/415 418/418/418 417/417/417
f 419/419/419 421/421/421 420/420/420
f 419/419/419 422/422/422 421/421/421
f 423/423/423 425/425/425 424/424/424
f 423/423/423 426/426/426 425/425/425
f 427/427/427 429/429/429 428/428/428
f 427/427/427 430/430/430 429/429/429
f 431/431/431 433/433/433 432/432/432
f 431/431/431 434/434/434 433/433/433
f 433/433/433 434/434/434 435/435/435
f 433/433/433 435/435/435 436/436/436
f 436/436/436 435/435/435 437/437/437
f 436/436/436 437/437/437 438/438/438
f 439/439/439 441/441/441 440/440/440
f 439/439/439 442/442/442 441/441/441
f 443/443/443 439/439/439 440/440/440
f 443/443/443 440/440/440 444/444/444
f 445/445/445 443/443/443 444/444/444
f 445/445/445 444/444/444 446/446/446
f 447/447/447 449/449/449 448/448/448
f 447/447/447 450/450/450 449/449/449
f 448/448/448 449/449/449 451/451/451
f 448/448/448 451/451/451 452/452/452
f 452/452/452 451/451/451 453/453/453
f 452/452/452 453/453/453 454/454/454
f 454/454/454 453/453/453 455/455/455
f 454/454/454 455/455/455 456/456/456
f 456/456/456 455/455/455 457/457/457
f 456/456/456 457/457/457 458/458/458
f 459/459/459 461/461/461 460/460/460
f 459/459/459 462/462/462 461/461/461
f 461/461/461 462/462/462 463/463/463
f 461/461/461 463/463/463 464/464/464
f 464/464/464 463/463/463 465/465/465
f 464/464/464 465/465/465 466/466/466
f 467/467/467 469/469/469 468/468/468
f 467/467/467 470/470/470 469/469/469
f 468/468/468 469/469/469 471/471/471
f 468/468/468 471/471/471 472/472/472
f 472/472/472 471/471/471 473/473/473
f 472/472/472 473/473/473 474/474/474
f 474/474/474 473/473/473 475/475/475
f 474/474/474 475/475/475 476/476/476
f 476/476/476 475/475/475 477/477/477
f 476/476/476 477/477/477 478/478/478
f 479/479/479 481/481/481 480/480/480
f 479/479/479 482/482/482 481/481/481
f 483/483/483 479/479/479 480/480/480
f 483/483/483 480/480/480 484/484/484
f 485/485/485 483/483/483 484/484/484
f 485/485/485 484/484/484 486/486/486
f 487/487/487 489/489/489 488/488/488
f 487/487/487 490/490/490 489/489/489
f 491/491/491 493/493/493 492/492/492
f 491/491/491 494/494/494 493/493/493
f 495/495/495 494/494/494 491/491/491
f 495/495/495 496/496/496 494/494/494
f 497/497/497 499/499/499 498/498/498
f 497/497/497 500/500/500 499/499/499
f 501/501/501 500/500/500 497/497/497
f 501/501/501 497/497/497 502/502/502
f 503/503/503 501/501/501 502/502/502
f 503/503/503 502/502/502 504/504/504
f 505/505/505 507/507/507 506/506/506
f 505/505/505 508/508/508 507/507/507
f 509/509/509 511/511/511 510/510/510
f 509/509/509 512/512/512 511/511/511
f 510/510/510 511/511/511 513/513/513
f 510/510/510 513/513/513 514/514/514
f 515/515/515 517/517/517 516/516/516
f 515/515/515 518/518/518 517/517/517
f 517/517/517 518/518/518 519/519/519
f 517/517/517 519/519/519 520/520/520
f 520/520/520 519/519/519 521/521/521
f 520/520/520 521/521/521 522/522/522
f 523/523/523 525/525/525 524/524/524
f 523/523/523 526/526/526 525/525/525
f 524/524/524 525/525/525 527/527/527
f 524/524/524 527/527/527 528/528/528
f 528/528/528 527/527/527 529/529/529
f 528/528/528 529/529/529 530/530/530
f 530/530/530 529/529/529 531/531/531
f 530/530/530 531/531/531 532/532/532
f 532/532/532 531/531/531 533/533/533
f 532/532/532 533/533/533 534/534/534
f 535/535/535 537/537/537 536/536/536
f 535/535/535 538/538/538 537/537/537
f 538/538/538 539/539/539 537/537/537
f 538/538/538 540/540/540 539/539/539
f 539/539/539 540/540/540 541/541/541
f 539/539/539 541/541/541 542/542/542
f 543/543/543 545/545/545 544/544/544
f 543/543/543 546/546/546 545/545/545
f 544/544/544 545/545/545 547/547/547
f 544/544/544 547/547/547 548/548/548
f 548/548/548 547/547/547 549/549/549
f 548/548/548 549/549/549 550/550/550
f 550/550/550 549/549/549 551/551/551
f 550/550/550 551/551/551 552/552/552
f 552/552/552 551/551/551 553/553/553
f 552/552/552 553/553/553 554/554/554
f 555/555/555 557/557/557 556/556/556
f 555/555/555 558/558/558 557/557/557
f 559/559/559 561/561/561 560/560/560
f 559/559/559 562/562/562 561/561/561
f 563/563/563 565/565/565 564/564/564
f 563/563/563 566/566/566 565/565/565
f 567/567/567 569/569/569 568/568/568
f 567/567/567 570/570/570 569/569/569
f 571/571/571 573/573/573 572/572/572
f 571/571/571 574/574/574 573/573/573
f 575/575/575 577/577/577 576/576/576
f 575/575/575 578/578/578 577/577/577
f 579/579/579 581/581/581 580/580/580
f 579/579/579 582/582/582 581/581/581
f 583/583/583 585/585/585 584/584/584
f 583/583/583 586/586/586 585/585/585
f 587/587/587 589/589/589 588/588/588
f 587/587/587 588/588/588 590/590/590
f 587/587/587 590/590/590 591/591/591
f 592/592/592 587/587/587 591/591/591
f 592/592/592 591/591/591 593/593/593
f 594/594/594 592/592/592 593/593/593
f 594/594/594 595/595/595 592/592/592
f 591/591/591 590/590/590 596/596/596
f 591/591/591 596/596/596 597/597/597
f 593/593/593 591/591/591 597/597/597
f 593/593/593 597/597/597 598/598/598
f 599/599/599 593/593/593 598/598/598
f 599/599/599 594/594/594 593/593/593
f 600/600/600 601/601/601 599/599/599
f 600/600/600 602/602/602 601/601/601
f 603/603/603 602/602/602 600/600/600
f 604/604/604 602/602/602 603/603/603
f 604/604/604 605/605/605 602/602/602
f 606/606/606 605/605/605 604/604/604
f 603/603/603 600/600/600 607/607/607
f 608/608/608 605/605/605 609/609/609
f 608/608/608 609/609/609 610/610/610
f 611/611/611 613/613/613 612/612/612
f 614/614/614 612/612/612 613/613/613
f 614/614/614 615/615/615 612/612/612
f 616/616/616 615/615/615 614/614/614
f 616/616/616 617/617/617 615/615/615
f 618/618/618 617/617/617 616/616/616
f 618/618/618 619/619/619 617/617/617
f 620/620/620 618/618/618 616/616/616
f 620/620/620 616/616/616 621/621/621
f 621/621/621 616/616/616 614/614/614
f 622/622/622 620/620/620 621/621/621
f 622/622/622 623/623/623 620/620/620
f 621/621/621 614/614/614 624/624/624
f 624/624/624 614/614/614 613/613/613
f 625/625/625 621/621/621 624/624/624
f 625/625/625 626/626/626 621/621/621
f 624/624/624 613/613/613 627/627/627
f 628/628/628 624/624/624 627/627/627
f 628/628/628 625/625/625 624/624/624
f 629/629/629 623/623/623 630/630/630
f 629/629/629 631/631/631 623/623/623
f 632/632/632 631/631/631 629/629/629
f 632/632/632 629/629/629 633/633/633
f 634/634/634 629/629/629 630/630/630
f 633/633/633 629/629/629 634/634/634
f 634/634/634 630/630/630 635/635/635
f 633/633/633 634/634/634 636/636/636
f 637/637/637 634/634/634 635/635/635
f 636/636/636 634/634/634 637/637/637
f 637/637/637 635/635/635 638/638/638
f 636/636/636 637/637/637 639/639/639
f 637/637/637 640/640/640 639/639/639
f 641/641/641 643/643/643 642/642/642
f 641/641/641 644/644/644 643/643/643
f 642/642/642 643/643/643 645/645/645
f 642/642/642 645/645/645 646/646/646
f 646/646/646 645/645/645 647/647/647
f 646/646/646 647/647/647 648/648/648
f 649/649/649 651/651/651 650/650/650
f 649/649/649 652/652/652 651/651/651
f 653/653/653 652/652/652 649/649/649
f 653/653/653 654/654/654 652/652/652
f 655/655/655 654/654/654 653/653/653
f 655/655/655 656/656/656 654/654/654
f 657/657/657 649/649/649 650/650/650
f 657/657/657 650/650/650 658/658/658
f 659/659/659 649/649/649 657/657/657
f 659/659/659 653/653/653 649/649/649
f 660/660/660 653/653/653 659/659/659
f 660/660/660 655/655/655 653/653/653
f 661/661/661 663/663/663 662/662/662
f 661/661/661 664/664/664 663/663/663
f 665/665/665 661/661/661 662/662/662
f 665/665/665 662/662/662 666/666/666
f 667/667/667 669/669/669 668/668/668
f 667/667/667 670/670/670 669/669/669
f 671/671/671 673/673/673 672/672/672
f 671/671/671 674/674/674 673/673/673
f 675/675/675 677/677/677 676/676/676
f 675/675/675 678/678/678 677/677/677
f 679/679/679 681/681/681 680/680/680
f 679/679/679 682/682/682 681/681/681
f 680/680/680 681/681/681 683/683/683
f 680/680/680 683/683/683 684/684/684
f 685/685/685 687/687/687 686/686/686
f 685/685/685 688/688/688 687/687/687
f 689/689/689 691/691/691 690/690/690
f 689/689/689 692/692/692 691/691/691
f 693/693/693 692/692/692 689/689/689
f 693/693/693 694/694/694 692/692/692
f 695/695/695 694/694/694 693/693/693
f 695/695/695 696/696/696 694/694/694
f 697/697/697 689/689/689 690/690/690
f 697/697/697 690/690/690 698/698/698
f 699/699/699 689/689/689 697/697/697
f 699/699/699 693/693/693 689/689/689
f 700/700/700 693/693/693 699/699/699
f 700/700/700 695/695/695 693/693/693
f 701/701/701 697/697/697 698/698/698
f 701/701/701 698/698/698 702/702/702
f 703/703/703 697/697/697 701/701/701
f 703/703/703 699/699/699 697/697/697
f 704/704/704 699/699/699 703/703/703
f 704/704/704 700/700/700 699/699/699
f 705/705/705 707/707/707 706/706/706
f 705/705/705 708/708/708 707/707/707
f 709/709/709 711/711/711 710/710/710
f 709/709/709 712/712/712 711/711/711
f 713/713/713 715/715/715 714/714/714
f 713/713/713 716/716/716 715/715/715
f 714/714/714 715/715/715 717/717/717
f 714/714/714 717/717/717 718/718/718
f 719/719/719 721/721/721 720/720/720
f 719/719/719 722/722/722 721/721/721
f 720/720/720 721/721/721 723/723/723
f 720/720/720 723/723/723 724/724/724
f 725/725/725 722/722/722 719/719/719
f 725/725/725 726/726/726 722/722/722
f 727/727/727 729/729/729 728/728/728
f 727/727/727 730/730/730 729/729/729
f 728/728/728 729/729/729 731/731/731
f 728/728/728 731/731/731 732/732/732
f 733/733/733 730/730/730 727/727/727
f 733/733/733 734/734/734 730/730/730
f 735/735/735 737/737/737 736/736/736
f 735/735/735 738/738/738 737/737/737
f 739/739/739 738/738/738 735/735/735
f 739/739/739 740/740/740 738/738/738
f 741/741/741 743/743/743 742/742/742
f 741/741/741 744/744/744 743/743/743
f 745/745/745 747/747/747 746/746/746
f 745/745/745 748/748/748 747/747/747
f 749/749/749 748/748/748 745/745/745
f 749/749/749 745/745/745 750/750/750
f 751/751/751 749/749/749 750/750/750
f 751/751/751 750/750/750 752/752/752
f 753/753/753 755/755/755 754/754/754
f 753/753/753 756/756/756 755/755/755
f 754/754/754 755/755/755 757/757/757
f 754/754/754 757/757/757 758/758/758
f 759/759/759 761/761/761 760/760/760
f 759/759/759 762/762/762 761/761/761
f 763/763/763 765/765/765 764/764/764
f 763/763/763 766/766/766 765/765/765
f 767/767/767 769/769/769 768/768/768
f 767/767/767 770/770/770 769/769/769
f 771/771/771 773/773/773 772/772/772
f 771/771/771 774/774/774 773/773/773
f 775/775/775 777/777/777 776/776/776
f 775/775/775 778/778/778 777/777/777
f 779/779/779 781/781/781 780/780/780
f 779/779/779 782/782/782 781/781/781
f 783/783/783 785/785/785 784/784/784
f 783/783/783 786/786/786 785/785/785
f 787/787/787 789/789/789 788/788/788
f 787/787/787 790/790/790 789/789/789
f 791/791/791 793/793/793 792/792/792
f 791/791/791 794/794/794 793/793/793
f 795/795/795 797/797/797 796/796/796
f 795/795/795 798/798/798 797/797/797
f 799/799/799 801/801/801 800/800/800
f 799/799/799 802/802/802 801/801/801
f 803/803/803 805/805/805 804/804/804
f 803/803/803 806/806/806 805/805/805
f 807/807/807 809/809/809 808/808/808
f 807/807/807 810/810/810 809/809/809
f 810/810/810 811/811/811 809/809/809
f 810/810/810 812/812/812 811/811/811
f 812/812/812 813/813/813 811/811/811
f 812/812/812 814/814/814 813/813/813
f 815/815/815 808/808/808 816/816/816
f 815/815/815 816/816/816 817/817/817
f 808/808/808 819/819/819 818/818/818
f 819/819/819 820/820/820 818/818/818
f 819/819/819 821/821/821 820/820/820
f 821/821/821 822/822/822 820/820/820
f 822/822/822 823/823/823 820/820/820
f 822/822/822 824/824/824 823/823/823
f 825/825/825 827/827/827 826/826/826
f 825/825/825 828/828/828 827/827/827
f 829/829/829 825/825/825 826/826/826
f 829/829/829 826/826/826 830/830/830
f 831/831/831 829/829/829 830/830/830
f 831/831/831 830/830/830 832/832/832
f 833/833/833 835/835/835 834/834/834
f 835/835/835 836/836/836 834/834/834
f 835/835/835 837/837/837 836/836/836
f 838/838/838 840/840/840 839/839/839
f 839/839/839 841/841/841 838/838/838
f 839/839/839 842/842/842 841/841/841
f 843/843/843 841/841/841 842/842/842
f 843/843/843 842/842/842 844/844/844
f 845/845/845 847/847/847 846/846/846
f 845/845/845 848/848/848 847/847/847
f 848/848/848 849/849/849 847/847/847
f 848/848/848 850/850/850 849/849/849
f 851/851/851 853/853/853 852/852/852
f 851/851/851 854/854/854 853/853/853
f 855/855/855 854/854/854 851/851/851
f 855/855/855 856/856/856 854/854/854
f 857/857/857 856/856/856 855/855/855
f 857/857/857 858/858/858 856/856/856
f 854/854/854 859/859/859 853/853/853
f 854/854/854 860/860/860 859/859/859
f 856/856/856 860/860/860 854/854/854
f 856/856/856 861/861/861 860/860/860
f 858/858/858 861/861/861 856/856/856
f 858/858/858 862/862/862 861/861/861
f 863/863/863 865/865/865 864/864/864
f 863/863/863 866/866/866 865/865/865
f 866/866/866 867/867/867 865/865/865
f 866/866/866 868/868/868 867/867/867
f 869/869/869 871/871/871 870/870/870
f 869/869/869 872/872/872 871/871/871
f 873/873/873 872/872/872 869/869/869
f 873/873/873 874/874/874 872/872/872
f 875/875/875 877/877/877 876/876/876
f 875/875/875 878/878/878 877/877/877
f 879/879/879 881/881/881 880/880/880
f 879/879/879 882/882/882 881/881/881
f 883/883/883 879/879/879 880/880/880
f 883/883/883 880/880/880 884/884/884
f 885/885/885 883/883/883 884/884/884
f 885/885/885 884/884/884 886/886/886
f 887/887/887 882/882/882 879/879/879
f 887/887/887 888/888/888 882/882/882
f 889/889/889 879/879/879 883/883/883
f 889/889/889 887/887/887 879/879/879
f 890/890/890 883/883/883 885/885/885
f 890/890/890 889/889/889 883/883/883
f 891/891/891 893/893/893 892/892/892
f 891/891/891 894/894/894 893/893/893
f 895/895/895 897/897/897 896/896/896
f 895/895/895 898/898/898 897/897/897
f 898/898/898 899/899/899 897/897/897
f 898/898/898 900/900/900 899/899/899
f 901/901/901 903/903/903 902/902/902
f 901/901/901 904/904/904 903/903/903
f 905/905/905 904/904/904 901/901/901
f 905/905/905 906/906/906 904/904/904
f 907/907/907 909/909/909 908/908/908
f 907/907/907 910/910/910 909/909/909
f 911/911/911 907/907/907 908/908/908
f 911/911/911 908/908/908 912/912/912
f 913/913/913 911/911/911 912/912/912
f 913/913/913 912/912/912 914/914/914
f 915/915/915 910/910/910 907/907/907
f 915/915/915 916/916/916 910/910/910
f 917/917/917 907/907/907 911/911/911
f 917/917/917 915/915/915 907/907/907
f 918/918/918 911/911/911 913/913/913
f 918/918/918 917/917/917 911/911/911
f 919/919/919 921/921/921 920/920/920
f 919/919/919 922/922/922 921/921/921
f 923/923/923 922/922/922 919/919/919
f 923/923/923 924/924/924 922/922/922
f 925/925/925 927/927/927 926/926/926
f 925/925/925 928/928/928 927/927/927
f 929/929/929 928/928/928 925/925/925
f 929/929/929 930/930/930 928/928/928
f 931/931/931 933/933/933 932/932/932
f 931/931/931 934/934/934 933/933/933
f 935/935/935 937/937/937 936/936/936
f 935/935/935 938/938/938 937/937/937
f 939/939/939 941/941/941 940/940/940
f 939/939/939 942/942/942 941/941/941
f 943/943/943 942/942/942 939/939/939
f 942/942/942 943/943/943 944/944/944
f 942/942/942 944/944/944 945/945/945
f 946/946/946 942/942/942 945/945/945
f 946/946/946 945/945/945 947/947/947
f 939/939/939 948/948/948 943/943/943
f 939/939/939 949/949/949 948/948/948
f 946/946/946 948/948/948 949/949/949
f 950/950/950 946/946/946 947/947/947
f 946/946/946 950/950/950 948/948/948
f 951/951/951 940/940/940 941/941/941
f 952/952/952 940/940/940 951/951/951
f 940/940/940 952/952/952 953/953/953
f 941/941/941 954/954/954 951/951/951
f 941/941/941 955/955/955 954/954/954
f 955/955/955 956/956/956 954/954/954
f 956/956/956 955/955/955 957/957/957
f 957/957/957 953/953/953 956/956/956
f 954/954/954 956/956/956 958/958/958
f 957/957/957 940/940/940 953/953/953
f 941/941/941 959/959/959 955/955/955
f 941/941/941 960/960/960 959/959/959
f 942/942/942 960/960/960 941/941/941
f 942/942/942 961/961/961 960/960/960
f 962/962/962 961/961/961 942/942/942
f 962/962/962 942/942/942 946/946/946
f 963/963/963 965/965/965 964/964/964
f 963/963/963 966/966/966 965/965/965
f 967/967/967 969/969/969 968/968/968
f 967/967/967 970/970/970 969/969/969
f 970/970/970 971/971/971 969/969/969
f 970/970/970 972/972/972 971/971/971
f 973/973/973 975/975/975 974/974/974
f 973/973/973 976/976/976 975/975/975
f 975/975/975 976/976/976 977/977/977
f 975/975/975 977/977/977 978/978/978
f 979/979/979 981/981/981 980/980/980
f 979/979/979 982/982/982 981/981/981
f 983/983/983 985/985/985 984/984/984
f 983/983/983 986/986/986 985/985/985
f 986/986/986 983/983/983 987/987/987
f 986/986/986 987/987/987 988/988/988
f 989/989/989 986/986/986 988/988/988
f 989/989/989 988/988/988 990/990/990
f 983/983/983 991/991/991 987/987/987
f 983/983/983 992/992/992 991/991/991
f 992/992/992 990/990/990 991/991/991
f 992/992/992 989/989/989 990/990/990
f 993/993/993 995/995/995 994/994/994
f 993/993/993 996/996/996 995/995/995
f 997/997/997 999/999/999 998/998/998
f 997/997/997 1000/1000/1000 999/999/999
f 1001/1001/1001 1003/1003/1003 1002/1002/1002
f 1001/1001/1001 1004/1004/1004 1003/1003/1003
f 1005/1005/1005 1007/1007/1007 1006/1006/1006
f 1005/1005/1005 1008/1008/1008 1007/1007/1007
f 1007/1007/1007 1008/1008/1008 1009/1009/1009
f 1007/1007/1007 1009/1009/1009 1010/1010/1010
f 1011/1011/1011 1013/1013/1013 1012/1012/1012
f 1011/1011/1011 1014/1014/1014 1013/1013/1013
f 1013/1013/1013 1014/1014/1014 1015/1015/1015
f 1013/1013/1013 1015/1015/1015 1016/1016/1016
f 1017/1017/1017 1019/1019/1019 1018/1018/1018
f 1017/1017/1017 1020/1020/1020 1019/1019/1019
f 1020/1020/1020 1021/1021/1021 1019/1019/1019
f 1020/1020/1020 1022/1022/1022 1021/1021/1021
f 1023/1023/1023 1025/1025/1025 1024/1024/1024
f 1023/1023/1023 1026/1026/1026 1025/1025/1025
f 1026/1026/1026 1027/1027/1027 1025/1025/1025
f 1026/1026/1026 1028/1028/1028 1027/1027/1027
f 1028/1028/1028 1029/1029/1029 1027/1027/1027
f 1028/1028/1028 1030/1030/1030 1029/1029/1029
f 1030/1030/1030 1024/1024/1024 1029/1029/1029
f 1030/1030/1030 1023/1023/1023 1024/1024/1024
f 1031/1031/1031 1033/1033/1033 1032/1032/1032
f 1031/1031/1031 1034/1034/1034 1033/1033/1033
f 1034/1034/1034 1035/1035/1035 1033/1033/1033
f 1034/1034/1034 1036/1036/1036 1035/1035/1035
f 1036/1036/1036 1037/1037/1037 1035/1035/1035
f 1036/1036/1036 1038/1038/1038 1037/1037/1037
f 1038/1038/1038 1032/1032/1032 1037/1037/1037
f 1038/1038/1038 1031/1031/1031 1032/1032/1032
f 1039/1039/1039 1041/1041/1041 1040/1040/1040
f 1039/1039/1039 1042/1042/1042 1041/1041/1041
f 1043/1043/1043 1045/1045/1045 1044/1044/1044
f 1043/1043/1043 1046/1046/1046 1045/1045/1045
f 1047/1047/1047 1049/1049/1049 1048/1048/1048
f 1047/1047/1047 1050/1050/1050 1049/1049/1049
f 1051/1051/1051 1053/1053/1053 1052/1052/1052
f 1051/1051/1051 1054/1054/1054 1053/1053/1053
f 1055/1055/1055 1057/1057/1057 1056/1056/1056
f 1055/1055/1055 1058/1058/1058 1057/1057/1057
f 1057/1057/1057 1058/1058/1058 1059/1059/1059
f 1057/1057/1057 1059/1059/1059 1060/1060/1060
f 1061/1061/1061 1063/1063/1063 1062/1062/1062
f 1061/1061/1061 1064/1064/1064 1063/1063/1063
f 1065/1065/1065 1067/1067/1067 1066/1066/1066
f 1065/1065/1065 1068/1068/1068 1067/1067/1067
f 1069/1069/1069 1065/1065/1065 1066/1066/1066
f 1069/1069/1069 1066/1066/1066 1070/1070/1070
f 1071/1071/1071 1073/1073/1073 1072/1072/1072
f 1071/1071/1071 1074/1074/1074 1073/1073/1073
f 1075/1075/1075 1077/1077/1077 1076/1076/1076
f 1075/1075/1075 1078/1078/1078 1077/1077/1077
f 1079/1079/1079 1081/1081/1081 1080/1080/1080
f 1082/1082/1082 1084/1084/1084 1083/1083/1083
f 1085/1085/1085 1087/1087/1087 1086/1086/1086
f 1085/1085/1085 1088/1088/1088 1087/1087/1087
f 1089/1089/1089 1091/1091/1091 1090/1090/1090
f 1092/1092/1092 1094/1094/1094 1093/1093/1093
f 1095/1095/1095 1097/1097/1097 1096/1096/1096
f 1095/1095/1095 1098/1098/1098 1097/1097/1097
f 1099/1099/1099 1101/1101/1101 1100/1100/1100
f 1102/1102/1102 1104/1104/1104 1103/1103/1103
f 1105/1105/1105 1107/1107/1107 1106/1106/1106
f 1105/1105/1105 1108/1108/1108 1107/1107/1107
f 1109/1109/1109 1111/1111/1111 1110/1110/1110
f 1112/1112/1112 1114/1114/1114 1113/1113/1113
f 1115/1115/1115 1117/1117/1117 1116/1116/1116
f 1115/1115/1115 1118/1118/1118 1117/1117/1117
f 1119/1119/1119 1121/1121/1121 1120/1120/1120
f 1122/1122/1122 1124/1124/1124 1123/1123/1123
f 1125/1125/1125 1127/1127/1127 1126/1126/1126
f 1125/1125/1125 1128/1128/1128 1127/1127/1127
f 1129/1129/1129 1131/1131/1131 1130/1130/1130
f 1132/1132/1132 1134/1134/1134 1133/1133/1133
f 1135/1135/1135 1137/1137/1137 1136/1136/1136
f 1135/1135/1135 1138/1138/1138 1137/1137/1137
f 1139/1139/1139 1141/1141/1141 1140/1140/1140
f 1139/1139/1139 1142/1142/1142 1141/1141/1141
f 1141/1141/1141 1142/1142/1142 1143/1143/1143
f 1141/1141/1141 1143/1143/1143 1144/1144/1144
f 1145/1145/1145 1147/1147/1147 1146/1146/1146
f 1145/1145/1145 1148/1148/1148 1147/1147/1147
f 1149/1149/1149 1151/1151/1151 1150/1150/1150
f 1149/1149/1149 1152/1152/1152 1151/1151/1151
f 1151/1151/1151 1152/1152/1152 1153/1153/1153
f 1151/1151/1151 1153/1153/1153 1154/1154/1154
f 1155/1155/1155 1157/1157/1157 1156/1156/1156
f 1155/1155/1155 1158/1158/1158 1157/1157/1157
f 1159/1159/1159 1161/1161/1161 1160/1160/1160
f 1159/1159/1159 1162/1162/1162 1161/1161/1161
f 1163/1163/1163 1165/1165/1165 1164/1164/1164
f 1163/1163/1163 1166/1166/1166 1165/1165/1165
f 1167/1167/1167 1169/1169/1169 1168/1168/1168
f 1167/1167/1167 1170/1170/1170 1169/1169/1169
f 1171/1171/1171 1173/1173/1173 1172/1172/1172
f 1171/1171/1171 1174/1174/1174 1173/1173/1173
f 1175/1175/1175 1177/1177/1177 1176/1176/1176
f 1175/1175/1175 1178/1178/1178 1177/1177/1177
f 1179/1179/1179 1181/1181/1181 1180/1180/1180
f 1179/1179/1179 1182/1182/1182 1181/1181/1181
f 1183/1183/1183 1185/1185/1185 1184/1184/1184
f 1183/1183/1183 1186/1186/1186 1185/1185/1185
f 1187/1187/1187 1189/1189/1189 1188/1188/1188
f 1187/1187/1187 1190/1190/1190 1189/1189/1189
f 1191/1191/1191 1193/1193/1193 1192/1192/1192
f 1191/1191/1191 1194/1194/1194 1193/1193/1193
f 1195/1195/1195 1197/1197/1197 1196/1196/1196
f 1195/1195/1195 1198/1198/1198 1197/1197/1197
f 1199/1199/1199 1201/1201/1201 1200/1200/1200
f 1199/1199/1199 1202/1202/1202 1201/1201/1201
f 1203/1203/1203 1205/1205/1205 1204/1204/1204
f 1203/1203/1203 1206/1206/1206 1205/1205/1205
f 1207/1207/1207 1209/1209/1209 1208/1208/1208
f 1207/1207/1207 1210/1210/1210 1209/1209/1209
f 1211/1211/1211 1213/1213/1213 1212/1212/1212
f 1211/1211/1211 1214/1214/1214 1213/1213/1213
f 1215/1215/1215 1217/1217/1217 1216/1216/1216
f 1215/1215/1215 1218/1218/1218 1217/1217/1217
f 1219/1219/1219 1221/1221/1221 1220/1220/1220
f 1222/1222/1222 1219/1219/1219 1220/1220/1220
f 1223/1223/1223 1222/1222/1222 1220/1220/1220
f 1224/1224/1224 1223/1223/1223 1220/1220/1220
f 1225/1225/1225 1224/1224/1224 1220/1220/1220
f 1221/1221/1221 1225/1225/1225 1220/1220/1220
f 1226/1226/1226 1228/1228/1228 1227/1227/1227
f 1228/1228/1228 1229/1229/1229 1227/1227/1227
f 1229/1229/1229 1230/1230/1230 1227/1227/1227
f 1230/1230/1230 1231/1231/1231 1227/1227/1227
f 1231/1231/1231 1232/1232/1232 1227/1227/1227
f 1232/1232/1232 1226/1226/1226 1227/1227/1227
f 1233/1233/1233 1235/1235/1235 1234/1234/1234
f 1233/1233/1233 1236/1236/1236 1235/1235/1235
f 1237/1237/1237 1233/1233/1233 1234/1234/1234
f 1237/1237/1237 1234/1234/1234 1238/1238/1238
f 1239/1239/1239 1237/1237/1237 1238/1238/1238
f 1239/1239/1239 1238/1238/1238 1240/1240/1240
f 1241/1241/1241 1239/1239/1239 1240/1240/1240
f 1241/1241/1241 1240/1240/1240 1242/1242/1242
f 1243/1243/1243 1241/1241/1241 1242/1242/1242
f 1243/1243/1243 1242/1242/1242 1244/1244/1244
f 1236/1236/1236 1244/1244/1244 1235/1235/1235
f 1236/1236/1236 1243/1243/1243 1244/1244/1244
f 1245/1245/1245 1247/1247/1247 1246/1246/1246
f 1245/1245/1245 1248/1248/1248 1247/1247/1247
f 1248/1248/1248 1249/1249/1249 1247/1247/1247
f 1248/1248/1248 1250/1250/1250 1249/1249/1249
f 1250/1250/1250 1251/1251/1251 1249/1249/1249
f 1250/1250/1250 1252/1252/1252 1251/1251/1251
f 1252/1252/1252 1253/1253/1253 1251/1251/1251
f 1252/1252/1252 1254/1254/1254 1253/1253/1253
f 1254/1254/1254 1255/1255/1255 1253/1253/1253
f 1254/1254/1254 1256/1256/1256 1255/1255/1255
f 1256/1256/1256 1246/1246/1246 1255/1255/1255
f 1256/1256/1256 1245/1245/1245 1246/1246/1246
f 1257/1257/1257 1259/1259/1259 1258/1258/1258
f 1257/1257/1257 1260/1260/1260 1259/1259/1259
f 1261/1261/1261 1263/1263/1263 1262/1262/1262
f 1261/1261/1261 1264/1264/1264 1263/1263/1263
f 1263/1263/1263 1264/1264/1264 1265/1265/1265
f 1263/1263/1263 1265/1265/1265 1266/1266/1266
f 1267/1267/1267 1269/1269/1269 1268/1268/1268
f 1267/1267/1267 1270/1270/1270 1269/1269/1269
f 1271/1271/1271 1273/1273/1273 1272/1272/1272
f 1271/1271/1271 1274/1274/1274 1273/1273/1273
f 1273/1273/1273 1274/1274/1274 1275/1275/1275
f 1273/1273/1273 1275/1275/1275 1276/1276/1276
f 1277/1277/1277 1279/1279/1279 1278/1278/1278
f 1277/1277/1277 1280/1280/1280 1279/1279/1279
f 1281/1281/1281 1283/1283/1283 1282/1282/1282
f 1281/1281/1281 1284/1284/1284 1283/1283/1283
f 1285/1285/1285 1287/1287/1287 1286/1286/1286
f 1285/1285/1285 1288/1288/1288 1287/1287/1287
f 1289/1289/1289 1291/1291/1291 1290/1290/1290
f 1289/1289/1289 1292/1292/1292 1291/1291/1291
f 1293/1293/1293 1295/1295/1295 1294/1294/1294
f 1293/1293/1293 1296/1296/1296 1295/1295/1295
f 1297/1297/1297 1299/1299/1299 1298/1298/1298
f 1297/1297/1297 1300/1300/1300 1299/1299/1299
f 1301/1301/1301 1303/1303/1303 1302/1302/1302
f 1301/1301/1301 1304/1304/1304 1303/1303/1303
f 1305/1305/1305 1307/1307/1307 1306/1306/1306
f 1305/1305/1305 1308/1308/1308 1307/1307/1307
f 1309/1309/1309 1311/1311/1311 1310/1310/1310
f 1309/1309/1309 1312/1312/1312 1311/1311/1311
f 1313/1313/1313 1315/1315/1315 1314/1314/1314
f 1313/1313/1313 1316/1316/1316 1315/1315/1315
f 1317/1317/1317 1319/1319/1319 1318/1318/1318
f 1317/1317/1317 1320/1320/1320 1319/1319/1319
f 1321/1321/1321 1323/1323/1323 1322/1322/1322
f 1321/1321/1321 1324/1324/1324 1323/1323/1323
f 1325/1325/1325 1327/1327/1327 1326/1326/1326
f 1325/1325/1325 1328/1328/1328 1327/1327/1327
f 1329/1329/1329 1331/1331/1331 1330/1330/1330
f 1329/1329/1329 1332/1332/1332 1331/1331/1331
f 1333/1333/1333 1335/1335/1335 1334/1334/1334
f 1333/1333/1333 1336/1336/1336 1335/1335/1335
f 1337/1337/1337 1339/1339/1339 1338/1338/1338
f 1337/1337/1337 1340/1340/1340 1339/1339/1339
f 1341/1341/1341 1343/1343/1343 1342/1342/1342
f 1344/1344/1344 1341/1341/1341 1342/1342/1342
f 1345/1345/1345 1344/1344/1344 1342/1342/1342
f 1346/1346/1346 1345/1345/1345 1342/1342/1342
f 1347/1347/1347 1346/1346/1346 1342/1342/1342
f 1343/1343/1343 1347/1347/1347 1342/1342/1342
f 1348/1348/1348 1350/1350/1350 1349/1349/1349
f 1350/1350/1350 1351/1351/1351 1349/1349/1349
f 1351/1351/1351 1352/1352/1352 1349/1349/1349
f 1352/1352/1352 1353/1353/1353 1349/1349/1349
f 1353/1353/1353 1354/1354/1354 1349/1349/1349
f 1354/1354/1354 1348/1348/1348 1349/1349/1349
f 1355/1355/1355 1357/1357/1357 1356/1356/1356
f 1355/1355/1355 1358/1358/1358 1357/1357/1357
f 1359/1359/1359 1355/1355/1355 1356/1356/1356
f 1359/1359/1359 1356/1356/1356 1360/1360/1360
f 1361/1361/1361 1359/1359/1359 1360/1360/1360
f 1361/1361/1361 1360/1360/1360 1362/1362/1362
f 1363/1363/1363 1361/1361/1361 1362/1362/1362
f 1363/1363/1363 1362/1362/1362 1364/1364/1364
f 1365/1365/1365 1363/1363/1363 1364/1364/1364
f 1365/1365/1365 1364/1364/1364 1366/1366/1366
f 1358/1358/1358 1366/1366/1366 1357/1357/1357
f 1358/1358/1358 1365/1365/1365 1366/1366/1366
f 1367/1367/1367 1369/1369/1369 1368/1368/1368
f 1367/1367/1367 1370/1370/1370 1369/1369/1369
f 1370/1370/1370 1371/1371/1371 1369/1369/1369
f 1370/1370/1370 1372/1372/1372 1371/1371/1371
f 1372/1372/1372 1373/1373/1373 1371/1371/1371
f 1372/1372/1372 1374/1374/1374 1373/1373/1373
f 1374/1374/1374 1375/1375/1375 1373/1373/1373
f 1374/1374/1374 1376/1376/1376 1375/1375/1375
f 1376/1376/1376 1377/1377/1377 1375/1375/1375
f 1376/1376/1376 1378/1378/1378 1377/1377/1377
f 1378/1378/1378 1368/1368/1368 1377/1377/1377
f 1378/1378/1378 1367/1367/1367 1368/1368/1368
f 1379/1379/1379 1381/1381/1381 1380/1380/1380
f 1379/1379/1379 1382/1382/1382 1381/1381/1381
f 1383/1383/1383 1385/1385/1385 1384/1384/1384
f 1383/1383/1383 1386/1386/1386 1385/1385/1385
f 1385/1385/1385 1386/1386/1386 1387/1387/1387
f 1385/1385/1385 1387/1387/1387 1388/1388/1388
f 1389/1389/1389 1391/1391/1391 1390/1390/1390
f 1389/1389/1389 1392/1392/1392 1391/1391/1391
f 1393/1393/1393 1395/1395/1395 1394/1394/1394
f 1393/1393/1393 1396/1396/1396 1395/1395/1395
f 1395/1395/1395 1396/1396/1396 1397/1397/1397
f 1395/1395/1395 1397/1397/1397 1398/1398/1398
f 1399/1399/1399 1401/1401/1401 1400/1400/1400
f 1399/1399/1399 1402/1402/1402 1401/1401/1401
f 1403/1403/1403 1405/1405/1405 1404/1404/1404
f 1403/1403/1403 1406/1406/1406 1405/1405/1405
f 1407/1407/1407 1409/1409/1409 1408/1408/1408
f 1407/1407/1407 1410/1410/1410 1409/1409/1409
f 1411/1411/1411 1413/1413/1413 1412/1412/1412
f 1411/1411/1411 1414/1414/1414 1413/1413/1413
f 1415/1415/1415 1417/1417/1417 1416/1416/1416
f 1415/1415/1415 1418/1418/1418 1417/1417/1417
f 1419/1419/1419 1421/1421/1421 1420/1420/1420
f 1419/1419/1419 1422/1422/1422 1421/1421/1421
f 1423/1423/1423 1425/1425/1425 1424/1424/1424
f 1423/1423/1423 1426/1426/1426 1425/1425/1425
f 1427/1427/1427 1429/1429/1429 1428/1428/1428
f 1427/1427/1427 1430/1430/1430 1429/1429/1429
f 1431/1431/1431 1433/1433/1433 1432/1432/1432
f 1431/1431/1431 1434/1434/1434 1433/1433/1433
f 1435/1435/1435 1437/1437/1437 1436/1436/1436
f 1435/1435/1435 1438/1438/1438 1437/1437/1437
f 1439/1439/1439 1441/1441/1441 1440/1440/1440
f 1439/1439/1439 1442/1442/1442 1441/1441/1441
f 1443/1443/1443 1445/1445/1445 1444/1444/1444
f 1443/1443/1443 1446/1446/1446 1445/1445/1445
f 1447/1447/1447 1449/1449/1449 1448/1448/1448
f 1447/1447/1447 1450/1450/1450 1449/1449/1449
f 1451/1451/1451 1453/1453/1453 1452/1452/1452
f 1451/1451/1451 1454/1454/1454 1453/1453/1453
f 1455/1455/1455 1457/1457/1457 1456/1456/1456
f 1455/1455/1455 1458/1458/1458 1457/1457/1457
f 1459/1459/1459 1461/1461/1461 1460/1460/1460
f 1459/1459/1459 1462/1462/1462 1461/1461/1461
f 1463/1463/1463 1465/1465/1465 1464/1464/1464
f 1466/1466/1466 1463/1463/1463 1464/1464/1464
f 1467/1467/1467 1466/1466/1466 1464/1464/1464
f 1468/1468/1468 1467/1467/1467 1464/1464/1464
f 1469/1469/1469 1468/1468/1468 1464/1464/1464
f 1465/1465/1465 1469/1469/1469 1464/1464/1464
f 1470/1470/1470 1472/1472/1472 1471/1471/1471
f 1472/1472/1472 1473/1473/1473 1471/1471/1471
f 1473/1473/1473 1474/1474/1474 1471/1471/1471
f 1474/1474/1474 1475/1475/1475 1471/1471/1471
f 1475/1475/1475 1476/1476/1476 1471/1471/1471
f 1476/1476/1476 1470/1470/1470 1471/1471/1471
f 1477/1477/1477 1479/1479/1479 1478/1478/1478
f 1477/1477/1477 1480/1480/1480 1479/1479/1479
f 1481/1481/1481 1477/1477/1477 1478/1478/1478
f 1481/1481/1481 1478/1478/1478 1482/1482/1482
f 1483/1483/1483 1481/1481/1481 1482/1482/1482
f 1483/1483/1483 1482/1482/1482 1484/1484/1484
f 1485/1485/1485 1483/1483/1483 1484/1484/1484
f 1485/1485/1485 1484/1484/1484 1486/1486/1486
f 1487/1487/1487 1485/1485/1485 1486/1486/1486
f 1487/1487/1487 1486/1486/1486 1488/1488/1488
f 1480/1480/1480 1488/1488/1488 1479/1479/1479
f 1480/1480/1480 1487/1487/1487 1488/1488/1488
f 1489/1489/1489 1491/1491/1491 1490/1490/1490
f 1489/1489/1489 1492/1492/1492 1491/1491/1491
f 1492/1492/1492 1493/1493/1493 1491/1491/1491
f 1492/1492/1492 1494/1494/1494 1493/1493/1493
f 1494/1494/1494 1495/1495/1495 1493/1493/1493
f 1494/1494/1494 1496/1496/1496 1495/1495/1495
f 1496/1496/1496 1497/1497/1497 1495/1495/1495
f 1496/1496/1496 1498/1498/1498 1497/1497/1497
f 1498/1498/1498 1499/1499/1499 1497/1497/1497
f 1498/1498/1498 1500/1500/1500 1499/1499/1499
f 1500/1500/1500 1490/1490/1490 1499/1499/1499
f 1500/1500/1500 1489/1489/1489 1490/1490/1490
f 1501/1501/1501 1503/1503/1503 1502/1502/1502
f 1501/1501/1501 1504/1504/1504 1503/1503/1503
f 1505/1505/1505 1507/1507/1507 1506/1506/1506
f 1505/1505/1505 1508/1508/1508 1507/1507/1507
f 1507/1507/1507 1508/1508/1508 1509/1509/1509
f 1507/1507/1507 1509/1509/1509 1510/1510/1510
f 1511/1511/1511 1513/1513/1513 1512/1512/1512
f 1511/1511/1511 1514/1514/1514 1513/1513/1513
f 1515/1515/1515 1517/1517/1517 1516/1516/1516
f 1515/1515/1515 1518/1518/1518 1517/1517/1517
f 1517/1517/1517 1518/1518/1518 1519/1519/1519
f 1517/1517/1517 1519/1519/1519 1520/1520/1520
f 1521/1521/1521 1523/1523/1523 1522/1522/1522
f 1521/1521/1521 1524/1524/1524 1523/1523/1523
f 1525/1525/1525 1527/1527/1527 1526/1526/1526
f 1525/1525/1525 1528/1528/1528 1527/1527/1527
f 1529/1529/1529 1531/1531/1531 1530/1530/1530
f 1529/1529/1529 1532/1532/1532 1531/1531/1531
f 1533/1533/1533 1535/1535/1535 1534/1534/1534
f 1533/1533/1533 1536/1536/1536 1535/1535/1535
f 1537/1537/1537 1539/1539/1539 1538/1538/1538
f 1537/1537/1537 1540/1540/1540 1539/1539/1539
f 1541/1541/1541 1543/1543/1543 1542/1542/1542
f 1541/1541/1541 1544/1544/1544 1543/1543/1543
f 1545/1545/1545 1547/1547/1547 1546/1546/1546
f 1545/1545/1545 1548/1548/1548 1547/1547/1547
f 1549/1549/1549 1551/1551/1551 1550/1550/1550
f 1549/1549/1549 1552/1552/1552 1551/1551/1551
f 1553/1553/1553 1555/1555/1555 1554/1554/1554
f 1553/1553/1553 1556/1556/1556 1555/1555/1555
f 1557/1557/1557 1559/1559/1559 1558/1558/1558
f 1557/1557/1557 1560/1560/1560 1559/1559/1559
f 1561/1561/1561 1563/1563/1563 1562/1562/1562
f 1561/1561/1561 1564/1564/1564 1563/1563/1563
f 1565/1565/1565 1567/1567/1567 1566/1566/1566
f 1565/1565/1565 1568/1568/1568 1567/1567/1567
f 1569/1569/1569 1571/1571/1571 1570/1570/1570
f 1569/1569/1569 1572/1572/1572 1571/1571/1571
f 1573/1573/1573 1575/1575/1575 1574/1574/1574
f 1573/1573/1573 1576/1576/1576 1575/1575/1575
f 1577/1577/1577 1579/1579/1579 1578/1578/1578
f 1577/1577/1577 1580/1580/1580 1579/1579/1579
f 1581/1581/1581 1583/1583/1583 1582/1582/1582
f 1581/1581/1581 1584/1584/1584 1583/1583/1583
f 1585/1585/1585 1587/1587/1587 1586/1586/1586
f 1588/1588/1588 1585/1585/1585 1586/1586/1586
f 1589/1589/1589 1588/1588/1588 1586/1586/1586
f 1590/1590/1590 1589/1589/1589 1586/1586/1586
f 1591/1591/1591 1590/1590/1590 1586/1586/1586
f 1587/1587/1587 1591/1591/1591 1586/1586/1586
f 1592/1592/1592 1594/1594/1594 1593/1593/1593
f 1594/1594/1594 1595/1595/1595 1593/1593/1593
f 1595/1595/1595 1596/1596/1596 1593/1593/1593
f 1596/1596/1596 1597/1597/1597 1593/1593/1593
f 1597/1597/1597 1598/1598/1598 1593/1593/1593
f 1598/1598/1598 1592/1592/1592 1593/1593/1593
f 1599/1599/1599 1601/1601/1601 1600/1600/1600
f 1599/1599/1599 1602/1602/1602 1601/1601/1601
f 1603/1603/1603 1599/1599/1599 1600/1600/1600
f 1603/1603/1603 1600/1600/1600 1604/1604/1604
f 1605/1605/1605 1603/1603/1603 1604/1604/1604
f 1605/1605/1605 1604/1604/1604 1606/1606/1606
f 1607/1607/1607 1605/1605/1605 1606/1606/1606
f 1607/1607/1607 1606/1606/1606 1608/1608/1608
f 1609/1609/1609 1607/1607/1607 1608/1608/1608
f 1609/1609/1609 1608/1608/1608 1610/1610/1610
f 1602/1602/1602 1610/1610/1610 1601/1601/1601
f 1602/1602/1602 1609/1609/1609 1610/1610/1610
f 1611/1611/1611 1613/1613/1613 1612/1612/1612
f 1611/1611/1611 1614/1614/1614 1613/1613/1613
f 1614/1614/1614 1615/1615/1615 1613/1613/1613
f 1614/1614/1614 1616/1616/1616 1615/1615/1615
f 1616/1616/1616 1617/1617/1617 1615/1615/1615
f 1616/1616/1616 1618/1618/1618 1617/1617/1617
f 1618/1618/1618 1619/1619/1619 1617/1617/1617
f 1618/1618/1618 1620/1620/1620 1619/1619/1619
f 1620/1620/1620 1621/1621/1621 1619/1619/1619
f 1620/1620/1620 1622/1622/1622 1621/1621/1621
f 1622/1622/1622 1612/1612/1612 1621/1621/1621
f 1622/1622/1622 1611/1611/1611 1612/1612/1612
f 1623/1623/1623 1625/1625/1625 1624/1624/1624
f 1623/1623/1623 1626/1626/1626 1625/1625/1625
f 1626/1626/1626 1623/1623/1623 1627/1627/1627
f 1626/1626/1626 1627/1627/1627 1628/1628/1628
f 1629/1629/1629 1631/1631/1631 1630/1630/1630
f 1629/1629/1629 1632/1632/1632 1631/1631/1631
f 1633/1633/1633 1635/1635/1635 1634/1634/1634
f 1633/1633/1633 1636/1636/1636 1635/1635/1635
f 1634/1634/1634 1635/1635/1635 1637/1637/1637
f 1634/1634/1634 1637/1637/1637 1638/1638/1638
f 1639/1639/1639 1641/1641/1641 1640/1640/1640
f 1639/1639/1639 1642/1642/1642 1641/1641/1641
f 1643/1643/1643 1645/1645/1645 1644/1644/1644
f 1643/1643/1643 1646/1646/1646 1645/1645/1645
f 1647/1647/1647 1649/1649/1649 1648/1648/1648
f 1647/1647/1647 1650/1650/1650 1649/1649/1649
f 1651/1651/1651 1653/1653/1653 1652/1652/1652
f 1651/1651/1651 1654/1654/1654 1653/1653/1653
f 1655/1655/1655 1657/1657/1657 1656/1656/1656
f 1655/1655/1655 1658/1658/1658 1657/1657/1657
f 1659/1659/1659 1661/1661/1661 1660/1660/1660
f 1659/1659/1659 1662/1662/1662 1661/1661/1661
f 1662/1662/1662 1659/1659/1659 1663/1663/1663
f 1662/1662/1662 1663/1663/1663 1664/1664/1664
f 1665/1665/1665 1667/1667/1667 1666/1666/1666
f 1665/1665/1665 1668/1668/1668 1667/1667/1667
f 1669/1669/1669 1671/1671/1671 1670/1670/1670
f 1669/1669/1669 1672/1672/1672 1671/1671/1671
f 1670/1670/1670 1671/1671/1671 1673/1673/1673
f 1670/1670/1670 1673/1673/1673 1674/1674/1674
f 1675/1675/1675 1677/1677/1677 1676/1676/1676
f 1675/1675/1675 1678/1678/1678 1677/1677/1677
f 1679/1679/1679 1681/1681/1681 1680/1680/1680
f 1679/1679/1679 1682/1682/1682 1681/1681/1681
f 1683/1683/1683 1685/1685/1685 1684/1684/1684
f 1683/1683/1683 1686/1686/1686 1685/1685/1685
f 1687/1687/1687 1689/1689/1689 1688/1688/1688
f 1687/1687/1687 1690/1690/1690 1689/1689/1689
f 1691/1691/1691 1693/1693/1693 1692/1692/1692
f 1691/1691/1691 1694/1694/1694 1693/1693/1693
f 1695/1695/1695 1697/1697/1697 1696/1696/1696
f 1695/1695/1695 1698/1698/1698 1697/1697/1697
f 1699/1699/1699 1701/1701/1701 1700/1700/1700
f 1699/1699/1699 1702/1702/1702 1701/1701/1701
f 1703/1703/1703 1705/1705/1705 1704/1704/1704
f 1703/1703/1703 1706/1706/1706 1705/1705/1705
f 1707/1707/1707 1709/1709/1709 1708/1708/1708
f 1707/1707/1707 1710/1710/1710 1709/1709/1709
f 1711/1711/1711 1713/1713/1713 1712/1712/1712
f 1711/1711/1711 1714/1714/1714 1713/1713/1713
f 1715/1715/1715 1717/1717/1717 1716/1716/1716
f 1715/1715/1715 1718/1718/1718 1717/1717/1717
f 1719/1719/1719 1721/1721/1721 1720/1720/1720
f 1722/1722/1722 1719/1719/1719 1720/1720/1720
f 1723/1723/1723 1722/1722/1722 1720/1720/1720
f 1724/1724/1724 1723/1723/1723 1720/1720/1720
f 1725/1725/1725 1724/1724/1724 1720/1720/1720
f 1721/1721/1721 1725/1725/1725 1720/1720/1720
f 1726/1726/1726 1728/1728/1728 1727/1727/1727
f 1728/1728/1728 1729/1729/1729 1727/1727/1727
f 1729/1729/1729 1730/1730/1730 1727/1727/1727
f 1730/1730/1730 1731/1731/1731 1727/1727/1727
f 1731/1731/1731 1732/1732/1732 1727/1727/1727
f 1732/1732/1732 1726/1726/1726 1727/1727/1727
f 1733/1733/1733 1735/1735/1735 1734/1734/1734
f 1733/1733/1733 1736/1736/1736 1735/1735/1735
f 1736/1736/1736 1733/1733/1733 1737/1737/1737
f 1736/1736/1736 1737/1737/1737 1738/1738/1738
f 1739/1739/1739 1741/1741/1741 1740/1740/1740
f 1739/1739/1739 1742/1742/1742 1741/1741/1741
f 1743/1743/1743 1745/1745/1745 1744/1744/1744
f 1743/1743/1743 1746/1746/1746 1745/1745/1745
f 1744/1744/1744 1745/1745/1745 1747/1747/1747
f 1744/1744/1744 1747/1747/1747 1748/1748/1748
f 1749/1749/1749 1751/1751/1751 1750/1750/1750
f 1749/1749/1749 1752/1752/1752 1751/1751/1751
f 1753/1753/1753 1755/1755/1755 1754/1754/1754
f 1753/1753/1753 1756/1756/1756 1755/1755/1755
f 1757/1757/1757 1759/1759/1759 1758/1758/1758
f 1757/1757/1757 1760/1760/1760 1759/1759/1759
f 1761/1761/1761 1763/1763/1763 1762/1762/1762
f 1761/1761/1761 1764/1764/1764 1763/1763/1763
f 1765/1765/1765 1767/1767/1767 1766/1766/1766
f 1765/1765/1765 1768/1768/1768 1767/1767/1767
f 1769/1769/1769 1771/1771/1771 1770/1770/1770
f 1769/1769/1769 1772/1772/1772 1771/1771/1771
f 1772/1772/1772 1769/1769/1769 1773/1773/1773
f 1772/1772/1772 1773/1773/1773 1774/1774/1774
f 1775/1775/1775 1777/1777/1777 1776/1776/1776
f 1775/1775/1775 1778/1778/1778 1777/1777/1777
f 1779/1779/1779 1781/1781/1781 1780/1780/1780
f 1779/1779/1779 1782/1782/1782 1781/1781/1781
f 1780/1780/1780 1781/1781/1781 1783/1783/1783
f 1780/1780/1780 1783/1783/1783 1784/1784/1784
f 1785/1785/1785 1787/1787/1787 1786/1786/1786
f 1785/1785/1785 1788/1788/1788 1787/1787/1787
f 1789/1789/1789 1791/1791/1791 1790/1790/1790
f 1789/1789/1789 1792/1792/1792 1791/1791/1791
f 1793/1793/1793 1795/1795/1795 1794/1794/1794
f 1793/1793/1793 1796/1796/1796 1795/1795/1795
f 1797/1797/1797 1799/1799/1799 1798/1798/1798
f 1797/1797/1797 1800/1800/1800 1799/1799/1799
f 1801/1801/1801 1803/1803/1803 1802/1802/1802
f 1801/1801/1801 1804/1804/1804 1803/1803/1803
f 1805/1805/1805 1807/1807/1807 1806/1806/1806
f 1805/1805/1805 1808/1808/1808 1807/1807/1807
f 1806/1806/1806 1807/1807/1807 1809/1809/1809
f 1806/1806/1806 1809/1809/1809 1810/1810/1810
f 1810/1810/1810 1809/1809/1809 1811/1811/1811
f 1810/1810/1810 1811/1811/1811 1812/1812/1812
f 1813/1813/1813 1815/1815/1815 1814/1814/1814
f 1813/1813/1813 1816/1816/1816 1815/1815/1815
f 1814/1814/1814 1815/1815/1815 1817/1817/1817
f 1814/1814/1814 1817/1817/1817 1818/1818/1818
f 1818/1818/1818 1817/1817/1817 1819/1819/1819
f 1818/1818/1818 1819/1819/1819 1820/1820/1820
f 1821/1821/1821 1823/1823/1823 1822/1822/1822
f 1821/1821/1821 1824/1824/1824 1823/1823/1823
f 1822/1822/1822 1823/1823/1823 1825/1825/1825
f 1822/1822/1822 1825/1825/1825 1826/1826/1826
f 1826/1826/1826 1825/1825/1825 1827/1827/1827
f 1826/1826/1826 1827/1827/1827 1828/1828/1828
f 1829/1829/1829 1831/1831/1831 1830/1830/1830
f 1829/1829/1829 1832/1832/1832 1831/1831/1831
f 1830/1830/1830 1831/1831/1831 1833/1833/1833
f 1830/1830/1830 1833/1833/1833 1834/1834/1834
f 1834/1834/1834 1833/1833/1833 1835/1835/1835
f 1834/1834/1834 1835/1835/1835 1836/1836/1836
f 1837/1837/1837 1839/1839/1839 1838/1838/1838
f 1837/1837/1837 1840/1840/1840 1839/1839/1839
f 1838/1838/1838 1839/1839/1839 1841/1841/1841
f 1838/1838/1838 1841/1841/1841 1842/1842/1842
f 1842/1842/1842 1841/1841/1841 1843/1843/1843
f 1842/1842/1842 1843/1843/1843 1844/1844/1844
f 1845/1845/1845 1847/1847/1847 1846/1846/1846
f 1845/1845/1845 1848/1848/1848 1847/1847/1847
f 1846/1846/1846 1847/1847/1847 1849/1849/1849
f 1846/1846/1846 1849/1849/1849 1850/1850/1850
f 1850/1850/1850 1849/1849/1849 1851/1851/1851
f 1850/1850/1850 1851/1851/1851 1852/1852/1852
f 1853/1853/1853 1855/1855/1855 1854/1854/1854
f 1856/1856/1856 1853/1853/1853 1854/1854/1854
f 1857/1857/1857 1856/1856/1856 1854/1854/1854
f 1858/1858/1858 1857/1857/1857 1854/1854/1854
f 1859/1859/1859 1858/1858/1858 1854/1854/1854
f 1855/1855/1855 1859/1859/1859 1854/1854/1854
f 1860/1860/1860 1862/1862/1862 1861/1861/1861
f 1862/1862/1862 1863/1863/1863 1861/1861/1861
f 1863/1863/1863 1864/1864/1864 1861/1861/1861
f 1864/1864/1864 1865/1865/1865 1861/1861/1861
f 1865/1865/1865 1866/1866/1866 1861/1861/1861
f 1866/1866/1866 1860/1860/1860 1861/1861/1861
f 1867/1867/1867 1869/1869/1869 1868/1868/1868
f 1867/1867/1867 1870/1870/1870 1869/1869/1869
f 1869/1869/1869 1871/1871/1871 1868/1868/1868
f 1869/1869/1869 1872/1872/1872 1871/1871/1871
f 1873/1873/1873 1875/1875/1875 1874/1874/1874
f 1873/1873/1873 1876/1876/1876 1875/1875/1875
f 1875/1875/1875 1877/1877/1877 1874/1874/1874
f 1875/1875/1875 1878/1878/1878 1877/1877/1877
f 1879/1879/1879 1881/1881/1881 1880/1880/1880
f 1879/1879/1879 1882/1882/1882 1881/1881/1881
f 1880/1880/1880 1881/1881/1881 1883/1883/1883
f 1880/1880/1880 1883/1883/1883 1884/1884/1884
f 1885/1885/1885 1887/1887/1887 1886/1886/1886
f 1885/1885/1885 1888/1888/1888 1887/1887/1887
f 1886/1886/1886 1887/1887/1887 1889/1889/1889
f 1886/1886/1886 1889/1889/1889 1890/1890/1890
f 1890/1890/1890 1889/1889/1889 1891/1891/1891
f 1890/1890/1890 1891/1891/1891 1892/1892/1892
f 1892/1892/1892 1888/1888/1888 1885/1885/1885
f 1892/1892/1892 1891/1891/1891 1888/1888/1888
f 1893/1893/1893 1895/1895/1895 1894/1894/1894
f 1893/1893/1893 1896/1896/1896 1895/1895/1895
f 1894/1894/1894 1895/1895/1895 1897/1897/1897
f 1894/1894/1894 1897/1897/1897 1898/1898/1898
f 1898/1898/1898 1897/1897/1897 1899/1899/1899
f 1898/1898/1898 1899/1899/1899 1900/1900/1900
f 1900/1900/1900 1896/1896/1896 1893/1893/1893
f 1900/1900/1900 1899/1899/1899 1896/1896/1896
f 1901/1901/1901 1903/1903/1903 1902/1902/1902
f 1901/1901/1901 1904/1904/1904 1903/1903/1903
f 1905/1905/1905 1907/1907/1907 1906/1906/1906
f 1905/1905/1905 1908/1908/1908 1907/1907/1907
f 1909/1909/1909 1911/1911/1911 1910/1910/1910
f 1909/1909/1909 1912/1912/1912 1911/1911/1911
f 1913/1913/1913 1915/1915/1915 1914/1914/1914
f 1913/1913/1913 1916/1916/1916 1915/1915/1915
f 1917/1917/1917 1919/1919/1919 1918/1918/1918
f 1917/1917/1917 1920/1920/1920 1919/1919/1919
f 1919/1919/1919 1921/1921/1921 1918/1918/1918
f 1919/1919/1919 1922/1922/1922 1921/1921/1921
f 1923/1923/1923 1925/1925/1925 1924/1924/1924
f 1923/1923/1923 1926/1926/1926 1925/1925/1925
f 1927/1927/1927 1929/1929/1929 1928/1928/1928
f 1927/1927/1927 1930/1930/1930 1929/1929/1929
f 1931/1931/1931 1930/1930/1930 1927/1927/1927
f 1931/1931/1931 1932/1932/1932 1930/1930/1930
f 1933/1933/1933 1935/1935/1935 1934/1934/1934
f 1933/1933/1933 1936/1936/1936 1935/1935/1935
f 1937/1937/1937 1939/1939/1939 1938/1938/1938
f 1937/1937/1937 1940/1940/1940 1939/1939/1939
f 1941/1941/1941 1943/1943/1943 1942/1942/1942
f 1944/1944/1944 1946/1946/1946 1945/1945/1945
f 1947/1947/1947 1949/1949/1949 1948/1948/1948
f 1947/1947/1947 1950/1950/1950 1949/1949/1949
f 1951/1951/1951 1953/1953/1953 1952/1952/1952
f 1954/1954/1954 1956/1956/1956 1955/1955/1955
f 1957/1957/1957 1959/1959/1959 1958/1958/1958
f 1957/1957/1957 1960/1960/1960 1959/1959/1959
f 1961/1961/1961 1963/1963/1963 1962/1962/1962
f 1964/1964/1964 1966/1966/1966 1965/1965/1965
f 1967/1967/1967 1969/1969/1969 1968/1968/1968
f 1967/1967/1967 1970/1970/1970 1969/1969/1969
f 1971/1971/1971 1973/1973/1973 1972/1972/1972
f 1974/1974/1974 1976/1976/1976 1975/1975/1975
f 1977/1977/1977 1979/1979/1979 1978/1978/1978
f 1977/1977/1977 1980/1980/1980 1979/1979/1979
f 1981/1981/1981 1983/1983/1983 1982/1982/1982
f 1984/1984/1984 1986/1986/1986 1985/1985/1985
f 1987/1987/1987 1989/1989/1989 1988/1988/1988
f 1987/1987/1987 1990/1990/1990 1989/1989/1989
f 1991/1991/1991 1993/1993/1993 1992/1992/1992
f 1994/1994/1994 1996/1996/1996 1995/1995/1995
